{
  "subject_id": "SUB003",
  "total_samples": 4309,
  "total_features": 42,
  "target_correlations": {
    "hour": {
      "correlation": 0.08552163709706356,
      "p_value": 1.881385592580747e-08,
      "significant": "True"
    },
    "day_of_week": {
      "correlation": 0.06906234391542126,
      "p_value": 5.690868401011623e-06,
      "significant": "True"
    },
    "is_weekend": {
      "correlation": 0.07585065824458408,
      "p_value": 6.202587623819131e-07,
      "significant": "True"
    },
    "hour_sin": {
      "correlation": 0.03854021707586648,
      "p_value": 0.011402988980657763,
      "significant": "True"
    },
    "hour_cos": {
      "correlation": -0.2980842663553355,
      "p_value": 3.8187804379319304e-89,
      "significant": "True"
    },
    "current_glucose": {
      "correlation": 0.20403407279082958,
      "p_value": 1.0108767334240627e-41,
      "significant": "True"
    },
    "prev_15min": {
      "correlation": 0.14269357873850602,
      "p_value": 4.8533246291221894e-21,
      "significant": "True"
    },
    "prev_30min": {
      "correlation": 0.11254905122036876,
      "p_value": 1.2681173826836732e-13,
      "significant": "True"
    },
    "prev_60min": {
      "correlation": 0.046689873050226385,
      "p_value": 0.002172012256426399,
      "significant": "True"
    },
    "roc_30min": {
      "correlation": 0.07614971427905999,
      "p_value": 5.600404633020434e-07,
      "significant": "True"
    },
    "roc_60min": {
      "correlation": 0.12465805855289315,
      "p_value": 2.164438784970854e-16,
      "significant": "True"
    },
    "mean_1h": {
      "correlation": 0.20491149969975844,
      "p_value": 4.493910671061529e-42,
      "significant": "True"
    },
    "std_1h": {
      "correlation": 0.08704373982711044,
      "p_value": 1.0464896347648048e-08,
      "significant": "True"
    },
    "mean_3h": {
      "correlation": 0.09347125766782725,
      "p_value": 7.875682700749216e-10,
      "significant": "True"
    },
    "std_3h": {
      "correlation": 0.06353604728282691,
      "p_value": 2.9968940571340965e-05,
      "significant": "True"
    },
    "min_3h": {
      "correlation": 0.11208642425185622,
      "p_value": 1.5970677104432905e-13,
      "significant": "True"
    },
    "max_3h": {
      "correlation": 0.1058436225341574,
      "p_value": 3.2736239715118515e-12,
      "significant": "True"
    },
    "mean_6h": {
      "correlation": 0.06633746503711858,
      "p_value": 1.3118085832915164e-05,
      "significant": "True"
    },
    "std_6h": {
      "correlation": 0.003753363186179115,
      "p_value": 0.8054412586311895,
      "significant": "False"
    },
    "min_6h": {
      "correlation": 0.06816689331562964,
      "p_value": 7.51379669435807e-06,
      "significant": "True"
    },
    "max_6h": {
      "correlation": 0.04722171897507494,
      "p_value": 0.0019312612951405657,
      "significant": "True"
    },
    "mean_12h": {
      "correlation": -0.0505720802704895,
      "p_value": 0.0008973940628445835,
      "significant": "True"
    },
    "std_12h": {
      "correlation": 0.06686064528623323,
      "p_value": 1.1201657844732025e-05,
      "significant": "True"
    },
    "min_12h": {
      "correlation": -0.044908277723552104,
      "p_value": 0.003192735035129468,
      "significant": "True"
    },
    "max_12h": {
      "correlation": 0.057597327610222473,
      "p_value": 0.00015500956782101715,
      "significant": "True"
    },
    "mean_24h": {
      "correlation": 0.060553717063770295,
      "p_value": 6.966621520039224e-05,
      "significant": "True"
    },
    "std_24h": {
      "correlation": 0.05958381551099829,
      "p_value": 9.092973422275215e-05,
      "significant": "True"
    },
    "min_24h": {
      "correlation": 0.03171484441859892,
      "p_value": 0.03736290437440147,
      "significant": "True"
    },
    "max_24h": {
      "correlation": 0.053227283092054656,
      "p_value": 0.0004732430430199272,
      "significant": "True"
    },
    "is_hypoglycemic": {
      "correlation": -0.05573201487622754,
      "p_value": 0.000252019833471178,
      "significant": "True"
    },
    "is_hyperglycemic": {
      "correlation": 0.19925996337274232,
      "p_value": 7.796676532210483e-40,
      "significant": "True"
    },
    "in_target_range": {
      "correlation": -0.1923358887352652,
      "p_value": 3.500241999495444e-37,
      "significant": "True"
    },
    "in_tight_range": {
      "correlation": -0.21405349576226687,
      "p_value": 7.71225175401098e-46,
      "significant": "True"
    },
    "recent_hypo_6h": {
      "correlation": -0.025007669516421905,
      "p_value": 0.1007230824799744,
      "significant": "False"
    },
    "recent_hyper_6h": {
      "correlation": 0.05569149774235145,
      "p_value": 0.00025465397929245597,
      "significant": "True"
    },
    "deviation_from_daily_mean": {
      "correlation": 0.19623007245955518,
      "p_value": 1.1609208264262617e-38,
      "significant": "True"
    },
    "deviation_from_recent_trend": {
      "correlation": 0.18395268930763653,
      "p_value": 4.185901950809502e-34,
      "significant": "True"
    },
    "glucose_variability": {
      "correlation": -0.04842131147659259,
      "p_value": 0.0014754888300498618,
      "significant": "True"
    },
    "trend_strength": {
      "correlation": 0.15866249670617882,
      "p_value": 1.0845661547723453e-25,
      "significant": "True"
    },
    "hourly_baseline": {
      "correlation": 0.3487990291705709,
      "p_value": 1.652936537061178e-123,
      "significant": "True"
    },
    "deviation_from_pattern": {
      "correlation": 0.02531993771543064,
      "p_value": 0.09654080866429582,
      "significant": "False"
    },
    "pattern_consistency": {
      "correlation": 0.004033552646144568,
      "p_value": 0.7912416189003227,
      "significant": "False"
    }
  },
  "redundant_pairs": [
    {
      "feature1": "current_glucose",
      "feature2": "deviation_from_daily_mean",
      "correlation": 0.989713759429893,
      "keep": "current_glucose",
      "remove": "deviation_from_daily_mean"
    },
    {
      "feature1": "current_glucose",
      "feature2": "deviation_from_recent_trend",
      "correlation": 0.9322040341743125,
      "keep": "current_glucose",
      "remove": "deviation_from_recent_trend"
    },
    {
      "feature1": "mean_6h",
      "feature2": "recent_hyper_6h",
      "correlation": 0.9742897826120273,
      "keep": "mean_6h",
      "remove": "recent_hyper_6h"
    },
    {
      "feature1": "is_hyperglycemic",
      "feature2": "in_target_range",
      "correlation": 0.9928339428284919,
      "keep": "is_hyperglycemic",
      "remove": "in_target_range"
    },
    {
      "feature1": "deviation_from_daily_mean",
      "feature2": "deviation_from_recent_trend",
      "correlation": 0.942047272257611,
      "keep": "deviation_from_daily_mean",
      "remove": "deviation_from_recent_trend"
    }
  ],
  "mutual_information": {
    "hour": 0.2493865788772851,
    "day_of_week": 0.011396580930560063,
    "is_weekend": 0.014452146401986665,
    "hour_sin": 0.10645758304860742,
    "hour_cos": 0.14681055173397217,
    "current_glucose": 0.04020573732540633,
    "prev_15min": 0.05284626086986499,
    "prev_30min": 0.01329579652730839,
    "prev_60min": 0.00990124436233586,
    "roc_30min": 0.01236959804354587,
    "roc_60min": 0.0004819514347582654,
    "mean_1h": 0.060213790997853955,
    "std_1h": 0.00940268763281793,
    "mean_3h": 0.026802771570740624,
    "std_3h": 0.03009074037196502,
    "min_3h": 0.06510353405516334,
    "max_3h": 0.05275418786689112,
    "mean_6h": 0.018060538089554434,
    "std_6h": 0.00497847390155659,
    "min_6h": 0.0299282432669985,
    "max_6h": 0.06433361017312578,
    "mean_12h": 0.03370523643029877,
    "std_12h": 0.019143174924797002,
    "min_12h": 0.04665810488332589,
    "max_12h": 0.0391682769752979,
    "mean_24h": 0.05051265025710627,