{
  "subject_id": "Subject42",
  "total_samples": 3999,
  "total_features": 41,
  "target_correlations": {
    "hour": {
      "correlation": -0.24837989767359286,
      "p_value": 2.729496956162152e-57,
      "significant": "True"
    },
    "day_of_week": {
      "correlation": 0.11818056835656816,
      "p_value": 6.50905880121817e-14,
      "significant": "True"
    },
    "is_weekend": {
      "correlation": 0.18518445136576395,
      "p_value": 3.496820421272494e-32,
      "significant": "True"
    },
    "hour_sin": {
      "correlation": 0.08534017735193425,
      "p_value": 6.484928445852242e-08,
      "significant": "True"
    },
    "hour_cos": {
      "correlation": 0.11125727772272752,
      "p_value": 1.721520861366363e-12,
      "significant": "True"
    },
    "current_glucose": {
      "correlation": 0.6573023479249235,
      "p_value": 0.0,
      "significant": "True"
    },
    "prev_15min": {
      "correlation": 0.5431711565929362,
      "p_value": 8.488416526098569e-306,
      "significant": "True"
    },
    "prev_30min": {
      "correlation": 0.43244101362736376,
      "p_value": 5.95689221964936e-182,
      "significant": "True"
    },
    "prev_60min": {
      "correlation": 0.22717112847680604,
      "p_value": 5.677684189450714e-48,
      "significant": "True"
    },
    "roc_30min": {
      "correlation": 0.4359614033671299,
      "p_value": 3.174236107928304e-185,
      "significant": "True"
    },
    "roc_60min": {
      "correlation": 0.5195107158528293,
      "p_value": 2.317523218339363e-275,
      "significant": "True"
    },
    "mean_1h": {
      "correlation": 0.47419147965971037,
      "p_value": 2.2577628120283215e-223,
      "significant": "True"
    },
    "std_1h": {
      "correlation": 0.17057192477016261,
      "p_value": 1.7317784159241188e-27,
      "significant": "True"
    },
    "mean_3h": {
      "correlation": 0.1695438202091342,
      "p_value": 3.57773715819791e-27,
      "significant": "True"
    },
    "std_3h": {
      "correlation": 0.29267725494840935,
      "p_value": 8.078035631644469e-80,
      "significant": "True"
    },
    "min_3h": {
      "correlation": 0.05567036694061486,
      "p_value": 0.00042815250513668845,
      "significant": "True"
    },
    "max_3h": {
      "correlation": 0.32231748698918805,
      "p_value": 2.439653658215658e-97,
      "significant": "True"
    },
    "mean_6h": {
      "correlation": 0.02909952782762051,
      "p_value": 0.0657682360190553,
      "significant": "False"
    },
    "std_6h": {
      "correlation": 0.2657563909695365,
      "p_value": 1.2690156392075673e-65,
      "significant": "True"
    },
    "min_6h": {
      "correlation": -0.11429047994511508,
      "p_value": 4.1996857276126865e-13,
      "significant": "True"
    },
    "max_6h": {
      "correlation": 0.23589246267075328,
      "p_value": 1.0817818513706992e-51,
      "significant": "True"
    },
    "mean_12h": {
      "correlation": 0.12220072298769094,
      "p_value": 8.879921831839026e-15,
      "significant": "True"
    },
    "std_12h": {
      "correlation": 0.12666715305422485,
      "p_value": 8.98156218780884e-16,
      "significant": "True"
    },
    "min_12h": {
      "correlation": 0.05300127329400581,
      "p_value": 0.0007994511746696695,
      "significant": "True"
    },
    "max_12h": {
      "correlation": 0.19484827934137405,
      "p_value": 1.639946418074271e-35,
      "significant": "True"
    },
    "mean_24h": {
      "correlation": 0.13224652950893845,
      "p_value": 4.5705664432720945e-17,
      "significant": "True"
    },
    "std_24h": {
      "correlation": 0.059539556783269894,
      "p_value": 0.000165018242573501,
      "significant": "True"
    },
    "min_24h": {
      "correlation": 0.08669285351434251,
      "p_value": 3.999405675684658e-08,
      "significant": "True"
    },
    "max_24h": {
      "correlation": 0.13031637014473935,
      "p_value": 1.2994417963373635e-16,
      "significant": "True"
    },
    "is_hypoglycemic": {
      "correlation": -0.1320201942603297,
      "p_value": 5.170473471102851e-17,
      "significant": "True"
    },
    "is_hyperglycemic": {
      "correlation": 0.5608122839558669,
      "p_value": 0.0,
      "significant": "True"
    },
    "in_target_range": {
      "correlation": -0.4665944341688182,
      "p_value": 2.1223479199864656e-215,
      "significant": "True"
    },
    "in_tight_range": {
      "correlation": -0.38137534784020255,
      "p_value": 1.2568888750294958e-138,
      "significant": "True"
    },
    "recent_hypo_6h": {
      "correlation": 0.17026455789644798,
      "p_value": 2.1523312600399862e-27,
      "significant": "True"
    },
    "recent_hyper_6h": {
      "correlation": 0.10623293305285465,
      "p_value": 1.640591916629548e-11,
      "significant": "True"
    },
    "deviation_from_daily_mean": {
      "correlation": 0.6302738297019034,
      "p_value": 0.0,
      "significant": "True"
    },
    "deviation_from_recent_trend": {
      "correlation": 0.6353727642476733,
      "p_value": 0.0,
      "significant": "True"
    },
    "glucose_variability": {
      "correlation": 0.2911393689121564,
      "p_value": 5.773517684025541e-79,
      "significant": "True"
    },
    "trend_strength": {
      "correlation": 0.4852679795471719,
      "p_value": 2.2995419506452257e-235,
      "significant": "True"
    },
    "hourly_baseline": {
      "correlation": 0.3282201754851164,
      "p_value": 4.490543880823037e-101,
      "significant": "True"
    },
    "deviation_from_pattern": {
      "correlation": 0.5704172944133773,
      "p_value": 0.0,
      "significant": "True"
    }
  },
  "redundant_pairs": [
    {
      "feature1": "current_glucose",
      "feature2": "prev_15min",
      "correlation": 0.9502237562204551,
      "keep": "current_glucose",
      "remove": "prev_15min"
    },
    {
      "feature1": "current_glucose",
      "feature2": "mean_1h",
      "correlation": 0.9090640669655925,
      "keep": "current_glucose",
      "remove": "mean_1h"
    },
    {
      "feature1": "current_glucose",
      "feature2": "deviation_from_daily_mean",
      "correlation": 0.9513052994938545,
      "keep": "current_glucose",
      "remove": "deviation_from_daily_mean"
    },
    {
      "feature1": "prev_15min",
      "feature2": "prev_30min",
      "correlation": 0.9502245337981243,
      "keep": "prev_15min",
      "remove": "prev_30min"
    },
    {
      "feature1": "prev_15min",
      "feature2": "mean_1h",
      "correlation": 0.9716239059033043,
      "keep": "prev_15min",
      "remove": "mean_1h"
    },
    {
      "feature1": "prev_30min",
      "feature2": "mean_1h",
      "correlation": 0.9873280001182636,
      "keep": "mean_1h",
      "remove": "prev_30min"
    },
    {
      "feature1": "roc_60min",
      "feature2": "trend_strength",
      "correlation": 0.9571407318982671,
      "keep": "roc_60min",
      "remove": "trend_strength"
    },
    {
      "feature1": "std_12h",
      "feature2": "max_12h",
      "correlation": 0.9224775103166699,
      "keep": "max_12h",
      "remove": "std_12h"
    },
    {
      "feature1": "std_24h",
      "feature2": "max_24h",
      "correlation": 0.9307069771861148,
      "keep": "max_24h",
      "remove": "std_24h"
    }
  ],
  "mutual_information": {
    "hour": 0.32255675232917147,
    "day_of_week": 0.1172271268021694,
    "is_weekend": 0.024710481352621994,
    "hour_sin": 0.20169289356383402,
    "hour_cos": 0.1817212539236701,
    "current_glucose": 0.3568370145210764,
    "prev_15min": 0.28801248774474164,
    "prev_30min": 0.23074298145691152,
    "prev_60min": 0.1917197824477741,
    "roc_30min": 0.1893640940355299,
    "roc_60min": 0.26086605867931656,
    "mean_1h": 0.25497828854335847,
    "std_1h": 0.13480571601073787,
    "mean_3h": 0.2361444582795471,
    "std_3h": 0.23368501262379837,
    "min_3h": 0.430087016072787,
    "max_3h": 0.47041064977257196,
    "mean_6h": 0.2940166020810233,