{
  "subject_id": "Subject53",
  "total_samples": 3175,
  "total_features": 42,
  "target_correlations": {
    "hour": {
      "correlation": 0.014856590920235203,
      "p_value": 0.4026808641182883,
      "significant": "False"
    },
    "day_of_week": {
      "correlation": -0.09378940910728292,
      "p_value": 1.1943588832179838e-07,
      "significant": "True"
    },
    "is_weekend": {
      "correlation": -0.010765422170880947,
      "p_value": 0.5442628179425001,
      "significant": "False"
    },
    "hour_sin": {
      "correlation": 0.0240749382580523,
      "p_value": 0.17503037041734498,
      "significant": "False"
    },
    "hour_cos": {
      "correlation": 0.07119388681623062,
      "p_value": 5.942374273563474e-05,
      "significant": "True"
    },
    "current_glucose": {
      "correlation": 0.6645858914386071,
      "p_value": 0.0,
      "significant": "True"
    },
    "prev_15min": {
      "correlation": 0.5573313575346229,
      "p_value": 1.3219242187845595e-258,
      "significant": "True"
    },
    "prev_30min": {
      "correlation": 0.4576018178846863,
      "p_value": 3.973282486833117e-164,
      "significant": "True"
    },
    "prev_60min": {
      "correlation": 0.3035017930771116,
      "p_value": 1.2157984068585496e-68,
      "significant": "True"
    },
    "roc_30min": {
      "correlation": 0.4184600828854527,
      "p_value": 7.801145493432993e-135,
      "significant": "True"
    },
    "roc_60min": {
      "correlation": 0.44049444415898725,
      "p_value": 7.533273641651147e-151,
      "significant": "True"
    },
    "mean_1h": {
      "correlation": 0.5010154674068729,
      "p_value": 2.00050198442614e-201,
      "significant": "True"
    },
    "std_1h": {
      "correlation": 0.07885455914653398,
      "p_value": 8.650949315013663e-06,
      "significant": "True"
    },
    "mean_3h": {
      "correlation": 0.31861587382498685,
      "p_value": 7.776964866420465e-76,
      "significant": "True"
    },
    "std_3h": {
      "correlation": 0.11213867466678686,
      "p_value": 2.3550269382837257e-10,
      "significant": "True"
    },
    "min_3h": {
      "correlation": 0.2820125919912179,
      "p_value": 3.979238349107269e-59,
      "significant": "True"
    },
    "max_3h": {
      "correlation": 0.325610154264174,
      "p_value": 2.6143642381244034e-79,
      "significant": "True"
    },
    "mean_6h": {
      "correlation": 0.16337404911682832,
      "p_value": 1.9628023857710126e-20,
      "significant": "True"
    },
    "std_6h": {
      "correlation": 0.08690305204685064,
      "p_value": 9.386149112170511e-07,
      "significant": "True"
    },
    "min_6h": {
      "correlation": 0.16251123668947912,
      "p_value": 3.1199129900823935e-20,
      "significant": "True"
    },
    "max_6h": {
      "correlation": 0.21235614109427192,
      "p_value": 1.066516285377969e-33,
      "significant": "True"
    },
    "mean_12h": {
      "correlation": 0.22013456160960956,
      "p_value": 3.809886111282198e-36,
      "significant": "True"
    },
    "std_12h": {
      "correlation": 0.034718333028624516,
      "p_value": 0.05045360352434279,
      "significant": "False"
    },
    "min_12h": {
      "correlation": 0.15482211373874144,
      "p_value": 1.735121557742257e-18,
      "significant": "True"
    },
    "max_12h": {
      "correlation": 0.22507551924901417,
      "p_value": 9.477711798806073e-38,
      "significant": "True"
    },
    "mean_24h": {
      "correlation": 0.17329654249325344,
      "p_value": 7.923460811403474e-23,
      "significant": "True"
    },
    "std_24h": {
      "correlation": -0.02920206768232369,
      "p_value": 0.09993767724137742,
      "significant": "False"
    },
    "min_24h": {
      "correlation": 0.11160852390322808,
      "p_value": 2.8623790488446583e-10,
      "significant": "True"
    },
    "max_24h": {
      "correlation": 0.16829250087175865,
      "p_value": 1.3320300417146401e-21,
      "significant": "True"
    },
    "is_hypoglycemic": {
      "correlation": -0.2590034992257609,
      "p_value": 7.799241212397688e-50,
      "significant": "True"
    },
    "is_hyperglycemic": {
      "correlation": 0.4824924154763845,
      "p_value": 7.510613088137181e-185,
      "significant": "True"
    },
    "in_target_range": {
      "correlation": -0.3479134154808146,
      "p_value": 5.161452885715808e-91,
      "significant": "True"
    },
    "in_tight_range": {
      "correlation": -0.25814764290839476,
      "p_value": 1.6606860834729229e-49,
      "significant": "True"
    },
    "recent_hypo_6h": {
      "correlation": -0.1990715909371754,
      "p_value": 9.72932850014087e-30,
      "significant": "True"
    },
    "recent_hyper_6h": {
      "correlation": 0.08771416547394421,
      "p_value": 7.419866993097545e-07,
      "significant": "True"
    },
    "deviation_from_daily_mean": {
      "correlation": 0.6230187312141575,
      "p_value": 0.0,
      "significant": "True"
    },
    "deviation_from_recent_trend": {
      "correlation": 0.5811534419095773,
      "p_value": 2.812360915722156e-286,
      "significant": "True"
    },
    "glucose_variability": {
      "correlation": -0.03379003073721776,
      "p_value": 0.05694074266346875,
      "significant": "False"
    },
    "trend_strength": {
      "correlation": 0.42136579477209096,
      "p_value": 7.044271889785989e-137,
      "significant": "True"
    },
    "hourly_baseline": {
      "correlation": 0.1394105161827929,
      "p_value": 3.0013209264894402e-15,
      "significant": "True"
    },
    "deviation_from_pattern": {
      "correlation": 0.6518041238168126,
      "p_value": 0.0,
      "significant": "True"
    },
    "pattern_consistency": {
      "correlation": -0.010273062028185023,
      "p_value": 0.5628287497259878,
      "significant": "False"
    }
  },
  "redundant_pairs": [
    {
      "feature1": "current_glucose",
      "feature2": "prev_15min",
      "correlation": 0.9610637436640336,
      "keep": "current_glucose",
      "remove": "prev_15min"
    },
    {
      "feature1": "current_glucose",
      "feature2": "mean_1h",
      "correlation": 0.9138086999060353,
      "keep": "current_glucose",
      "remove": "mean_1h"
    },
    {
      "feature1": "current_glucose",
      "feature2": "deviation_from_daily_mean",
      "correlation": 0.9189538550394626,
      "keep": "current_glucose",
      "remove": "deviation_from_daily_mean"
    },
    {
      "feature1": "current_glucose",
      "feature2": "deviation_from_pattern",
      "correlation": 0.9613157038706152,
      "keep": "current_glucose",
      "remove": "deviation_from_pattern"
    },
    {
      "feature1": "prev_15min",
      "feature2": "prev_30min",
      "correlation": 0.9611886787385465,
      "keep": "prev_15min",
      "remove": "prev_30min"
    },
    {
      "feature1": "prev_15min",
      "feature2": "mean_1h",
      "correlation": 0.9759110744777344,
      "keep": "prev_15min",
      "remove": "mean_1h"
    },
    {
      "feature1": "prev_15min",
      "feature2": "deviation_from_pattern",
      "correlation": 0.922178952133401,
      "keep": "deviation_from_pattern",
      "remove": "prev_15min"
    },
    {
      "feature1": "prev_30min",
      "feature2": "mean_1h",
      "correlation": 0.9921770749375995,
      "keep": "mean_1h",
      "remove": "prev_30min"
    },
    {
      "feature1": "roc_60min",
      "feature2": "trend_strength",
      "correlation": 0.9759382299627845,
      "keep": "roc_60min",
      "remove": "trend_strength"
    }
  ],
  "mutual_information": {
    "hour": 0.37642049805982536,
    "day_of_week": 0.2148558860378187,
    "is_weekend": 0.0258159047843598,
    "hour_sin": 0.2267670010641729,
    "hour_cos": 0.17705205617382846,
    "current_glucose": 0.45018986846425424,
    "prev_15min": 0.35738710014419706,
    "prev_30min": 0.3296513379530923,
    "prev_60min": 0.28861229762218876,
    "roc_30min": 0.19172228545469228,
    "roc_60min": 0.25723119238013137,