{
  "subject_id": "Subject36",
  "total_samples": 4197,
  "total_features": 41,
  "target_correlations": {
    "hour": {
      "correlation": -0.13798085217472122,
      "p_value": 2.7248595155335117e-19,
      "significant": "True"
    },
    "day_of_week": {
      "correlation": 0.09827507589270791,
      "p_value": 1.7682183907630532e-10,
      "significant": "True"
    },
    "is_weekend": {
      "correlation": 0.0498062866299327,
      "p_value": 0.0012478743364086726,
      "significant": "True"
    },
    "hour_sin": {
      "correlation": 0.11201609888485096,
      "p_value": 3.397306942767277e-13,
      "significant": "True"
    },
    "hour_cos": {
      "correlation": 0.08606121472162664,
      "p_value": 2.348952976287791e-08,
      "significant": "True"
    },
    "current_glucose": {
      "correlation": 0.6225874221309157,
      "p_value": 0.0,
      "significant": "True"
    },
    "prev_15min": {
      "correlation": 0.5184437152505234,
      "p_value": 1.6275473287664138e-287,
      "significant": "True"
    },
    "prev_30min": {
      "correlation": 0.42138912082602725,
      "p_value": 2.4364668914345143e-180,
      "significant": "True"
    },
    "prev_60min": {
      "correlation": 0.2597096498702825,
      "p_value": 1.155588334293623e-65,
      "significant": "True"
    },
    "roc_30min": {
      "correlation": 0.35862641543478885,
      "p_value": 1.3428857511009749e-127,
      "significant": "True"
    },
    "roc_60min": {
      "correlation": 0.41981669499288454,
      "p_value": 7.116647417306936e-179,
      "significant": "True"
    },
    "mean_1h": {
      "correlation": 0.4658831214882249,
      "p_value": 3.407354786438204e-225,
      "significant": "True"
    },
    "std_1h": {
      "correlation": 0.09571529478413543,
      "p_value": 5.189438892018829e-10,
      "significant": "True"
    },
    "mean_3h": {
      "correlation": 0.3045305713161042,
      "p_value": 8.900636242847572e-91,
      "significant": "True"
    },
    "std_3h": {
      "correlation": 0.07997541402599691,
      "p_value": 2.126607794641974e-07,
      "significant": "True"
    },
    "min_3h": {
      "correlation": 0.3117408961423887,
      "p_value": 2.929864418131405e-95,
      "significant": "True"
    },
    "max_3h": {
      "correlation": 0.34048859558882644,
      "p_value": 2.045768928559309e-114,
      "significant": "True"
    },
    "mean_6h": {
      "correlation": 0.23459155945767587,
      "p_value": 1.4278799623715632e-53,
      "significant": "True"
    },
    "std_6h": {
      "correlation": 0.056375578060511425,
      "p_value": 0.00025811770678522885,
      "significant": "True"
    },
    "min_6h": {
      "correlation": 0.20225165337051784,
      "p_value": 5.449175410206528e-40,
      "significant": "True"
    },
    "max_6h": {
      "correlation": 0.23544963998679044,
      "p_value": 5.810717926929022e-54,
      "significant": "True"
    },
    "mean_12h": {
      "correlation": 0.1171902908254291,
      "p_value": 2.6149665217021e-14,
      "significant": "True"
    },
    "std_12h": {
      "correlation": 0.16372901060984493,
      "p_value": 1.318014587234346e-26,
      "significant": "True"
    },
    "min_12h": {
      "correlation": -0.014881745483885118,
      "p_value": 0.33511159757808595,
      "significant": "False"
    },
    "max_12h": {
      "correlation": 0.16673802180368225,
      "p_value": 1.5167166089838246e-27,
      "significant": "True"
    },
    "mean_24h": {
      "correlation": 0.11951160945249421,
      "p_value": 7.972292056539159e-15,
      "significant": "True"
    },
    "std_24h": {
      "correlation": 0.14313971734648373,
      "p_value": 1.1804237388921207e-20,
      "significant": "True"
    },
    "min_24h": {
      "correlation": 0.02465852634741785,
      "p_value": 0.11020969785162298,
      "significant": "False"
    },
    "max_24h": {
      "correlation": 0.11805649574586739,
      "p_value": 1.683228193507266e-14,
      "significant": "True"
    },
    "is_hypoglycemic": {
      "correlation": -0.047411416952920525,
      "p_value": 0.002123974712652084,
      "significant": "True"
    },
    "is_hyperglycemic": {
      "correlation": 0.511785433733801,
      "p_value": 5.281831517202131e-279,
      "significant": "True"
    },
    "in_target_range": {
      "correlation": -0.5078948976914275,
      "p_value": 4.0661003616786806e-274,
      "significant": "True"
    },
    "in_tight_range": {
      "correlation": -0.37988939335192407,
      "p_value": 3.449149734584483e-144,
      "significant": "True"
    },
    "recent_hypo_6h": {
      "correlation": 0.03288932698393935,
      "p_value": 0.03311779566377546,
      "significant": "True"
    },
    "recent_hyper_6h": {
      "correlation": 0.1449071647464324,
      "p_value": 3.919562474632351e-21,
      "significant": "True"
    },
    "deviation_from_daily_mean": {
      "correlation": 0.5825319582130923,
      "p_value": 0.0,
      "significant": "True"
    },
    "deviation_from_recent_trend": {
      "correlation": 0.5107546272512121,
      "p_value": 1.0559112160404498e-277,
      "significant": "True"
    },
    "glucose_variability": {
      "correlation": -0.01606365085679575,
      "p_value": 0.29814071410500115,
      "significant": "False"
    },
    "trend_strength": {
      "correlation": 0.386308347455707,
      "p_value": 1.90377282710716e-149,
      "significant": "True"
    },
    "hourly_baseline": {
      "correlation": 0.20092353850062836,
      "p_value": 1.7684460125894228e-39,
      "significant": "True"
    },
    "deviation_from_pattern": {
      "correlation": 0.5903443216353231,
      "p_value": 0.0,
      "significant": "True"
    }
  },
  "redundant_pairs": [
    {
      "feature1": "current_glucose",
      "feature2": "prev_15min",
      "correlation": 0.9449645844155563,
      "keep": "current_glucose",
      "remove": "prev_15min"
    },
    {
      "feature1": "current_glucose",
      "feature2": "deviation_from_daily_mean",
      "correlation": 0.9286710324464567,
      "keep": "current_glucose",
      "remove": "deviation_from_daily_mean"
    },
    {
      "feature1": "current_glucose",
      "feature2": "deviation_from_pattern",
      "correlation": 0.9350422403347343,
      "keep": "current_glucose",
      "remove": "deviation_from_pattern"
    },
    {
      "feature1": "prev_15min",
      "feature2": "prev_30min",
      "correlation": 0.9450514839028955,
      "keep": "prev_15min",
      "remove": "prev_30min"
    },
    {
      "feature1": "prev_15min",
      "feature2": "mean_1h",
      "correlation": 0.9671659641990299,
      "keep": "prev_15min",
      "remove": "mean_1h"
    },
    {
      "feature1": "prev_30min",
      "feature2": "mean_1h",
      "correlation": 0.9860823791679736,
      "keep": "mean_1h",
      "remove": "prev_30min"
    },
    {
      "feature1": "roc_60min",
      "feature2": "trend_strength",
      "correlation": 0.9599227524789663,
      "keep": "roc_60min",
      "remove": "trend_strength"
    },
    {
      "feature1": "mean_6h",
      "feature2": "recent_hyper_6h",
      "correlation": 0.9044475424273201,
      "keep": "mean_6h",
      "remove": "recent_hyper_6h"
    },
    {
      "feature1": "is_hyperglycemic",
      "feature2": "in_target_range",
      "correlation": 0.9970601731029787,
      "keep": "is_hyperglycemic",
      "remove": "in_target_range"
    }
  ],
  "mutual_information": {
    "hour": 0.2870981638896324,
    "day_of_week": 0.06442570187338648,
    "is_weekend": 0.004960526473174465,
    "hour_sin": 0.1647245182774948,
    "hour_cos": 0.1466920347967582,
    "current_glucose": 0.34825982219935003,
    "prev_15min": 0.26955804513489046,
    "prev_30min": 0.18951120360156448,
    "prev_60min": 0.19653557698012136,
    "roc_30min": 0.1627592064754655,
    "roc_60min": 0.18723854809411478,
    "mean_1h": 0.3088810181689077,
    "std_1h": 0.0698264551644332,
    "mean_3h": 0.2621145588252416,
    "std_3h": 0.15650048713179565,