{
  "subject_id": "Subject54",
  "total_samples": 4119,
  "total_features": 42,
  "target_correlations": {
    "hour": {
      "correlation": -0.010890752958697118,
      "p_value": 0.4846951807258842,
      "significant": "False"
    },
    "day_of_week": {
      "correlation": 0.05648719223873789,
      "p_value": 0.00028660909645975957,
      "significant": "True"
    },
    "is_weekend": {
      "correlation": 0.05010368959831092,
      "p_value": 0.001296872965663761,
      "significant": "True"
    },
    "hour_sin": {
      "correlation": -0.24459655723948062,
      "p_value": 3.5668407515836894e-57,
      "significant": "True"
    },
    "hour_cos": {
      "correlation": 0.16161265844999556,
      "p_value": 1.667256711222961e-25,
      "significant": "True"
    },
    "current_glucose": {
      "correlation": 0.5820802856882524,
      "p_value": 0.0,
      "significant": "True"
    },
    "prev_15min": {
      "correlation": 0.46883285348716464,
      "p_value": 3.3443210585536124e-224,
      "significant": "True"
    },
    "prev_30min": {
      "correlation": 0.35849007547053396,
      "p_value": 3.667197927877426e-125,
      "significant": "True"
    },
    "prev_60min": {
      "correlation": 0.1433289162785253,
      "p_value": 2.3802943429797664e-20,
      "significant": "True"
    },
    "roc_30min": {
      "correlation": 0.36982246524547163,
      "p_value": 1.1061421841356625e-133,
      "significant": "True"
    },
    "roc_60min": {
      "correlation": 0.4803818459303106,
      "p_value": 7.298197790463894e-237,
      "significant": "True"
    },
    "mean_1h": {
      "correlation": 0.4019786774884279,
      "p_value": 8.47866901833126e-160,
      "significant": "True"
    },
    "std_1h": {
      "correlation": 0.22736056250618644,
      "p_value": 1.9301284082836168e-49,
      "significant": "True"
    },
    "mean_3h": {
      "correlation": 0.06908303246868518,
      "p_value": 9.093936710756354e-06,
      "significant": "True"
    },
    "std_3h": {
      "correlation": 0.15400936783580996,
      "p_value": 2.7717065009007345e-23,
      "significant": "True"
    },
    "min_3h": {
      "correlation": 0.03651872342324568,
      "p_value": 0.019087305428692705,
      "significant": "True"
    },
    "max_3h": {
      "correlation": 0.15140288725225753,
      "p_value": 1.5089401443330865e-22,
      "significant": "True"
    },
    "mean_6h": {
      "correlation": -0.024122481497573362,
      "p_value": 0.1216409349710521,
      "significant": "False"
    },
    "std_6h": {
      "correlation": -0.021772822337351817,
      "p_value": 0.16238081405315946,
      "significant": "False"
    },
    "min_6h": {
      "correlation": 0.08796791030747501,
      "p_value": 1.558622551800897e-08,
      "significant": "True"
    },
    "max_6h": {
      "correlation": 0.043846554737011836,
      "p_value": 0.004884609650352495,
      "significant": "True"
    },
    "mean_12h": {
      "correlation": -0.0045731863333566426,
      "p_value": 0.7692034551760146,
      "significant": "False"
    },
    "std_12h": {
      "correlation": -0.01131353576757443,
      "p_value": 0.46790057115529743,
      "significant": "False"
    },
    "min_12h": {
      "correlation": 0.06004466611236464,
      "p_value": 0.0001152846234183605,
      "significant": "True"
    },
    "max_12h": {
      "correlation": 0.01374900359996603,
      "p_value": 0.37768100688109535,
      "significant": "False"
    },
    "mean_24h": {
      "correlation": 0.05532397229136699,
      "p_value": 0.00038187293315911455,
      "significant": "True"
    },
    "std_24h": {
      "correlation": 0.019550191414552356,
      "p_value": 0.20967510471814,
      "significant": "False"
    },
    "min_24h": {
      "correlation": 0.12499425503800136,
      "p_value": 8.197390024136188e-16,
      "significant": "True"
    },
    "max_24h": {
      "correlation": -0.03351096943720522,
      "p_value": 0.0315025444815939,
      "significant": "True"
    },
    "is_hypoglycemic": {
      "correlation": -0.15657054089447067,
      "p_value": 5.093550599424342e-24,
      "significant": "True"
    },
    "is_hyperglycemic": {
      "correlation": 0.3718363526003269,
      "p_value": 3.1136803707645724e-135,
      "significant": "True"
    },
    "in_target_range": {
      "correlation": -0.20285895920159075,
      "p_value": 1.6486451644920393e-39,
      "significant": "True"
    },
    "in_tight_range": {
      "correlation": -0.2567071067183851,
      "p_value": 5.49361845730802e-63,
      "significant": "True"
    },
    "recent_hypo_6h": {
      "correlation": -0.06477141845046507,
      "p_value": 3.1810815626969415e-05,
      "significant": "True"
    },
    "recent_hyper_6h": {
      "correlation": -0.08770028594406129,
      "p_value": 1.7232482449705065e-08,
      "significant": "True"
    },
    "deviation_from_daily_mean": {
      "correlation": 0.5757428951555124,
      "p_value": 0.0,
      "significant": "True"
    },
    "deviation_from_recent_trend": {
      "correlation": 0.5837674869729488,
      "p_value": 0.0,
      "significant": "True"
    },
    "glucose_variability": {
      "correlation": 0.0046685068486548385,
      "p_value": 0.7645335273149878,
      "significant": "False"
    },
    "trend_strength": {
      "correlation": 0.4205210668710672,
      "p_value": 3.1397812881636685e-176,
      "significant": "True"
    },
    "hourly_baseline": {
      "correlation": 0.46336630114126937,
      "p_value": 2.2367088678561934e-218,
      "significant": "True"
    },
    "deviation_from_pattern": {
      "correlation": 0.37789585971024947,
      "p_value": 5.764269521697847e-140,
      "significant": "True"
    },
    "pattern_consistency": {
      "correlation": 0.10119103878517091,
      "p_value": 7.558940806213609e-11,
      "significant": "True"
    }
  },
  "redundant_pairs": [
    {
      "feature1": "current_glucose",
      "feature2": "prev_15min",
      "correlation": 0.9323637680356791,
      "keep": "current_glucose",
      "remove": "prev_15min"
    },
    {
      "feature1": "current_glucose",
      "feature2": "deviation_from_daily_mean",
      "correlation": 0.9652587939063115,
      "keep": "current_glucose",
      "remove": "deviation_from_daily_mean"
    },
    {
      "feature1": "prev_15min",
      "feature2": "prev_30min",
      "correlation": 0.9325589376955344,
      "keep": "prev_15min",
      "remove": "prev_30min"
    },
    {
      "feature1": "prev_15min",
      "feature2": "mean_1h",
      "correlation": 0.9609665437377184,
      "keep": "prev_15min",
      "remove": "mean_1h"
    },
    {
      "feature1": "prev_30min",
      "feature2": "mean_1h",
      "correlation": 0.981603414083275,
      "keep": "mean_1h",
      "remove": "prev_30min"
    },
    {
      "feature1": "roc_60min",
      "feature2": "trend_strength",
      "correlation": 0.9420881864921055,
      "keep": "roc_60min",
      "remove": "trend_strength"
    },
    {
      "feature1": "std_6h",
      "feature2": "max_6h",
      "correlation": 0.9136199103901401,
      "keep": "max_6h",
      "remove": "std_6h"
    },
    {
      "feature1": "std_6h",
      "feature2": "glucose_variability",
      "correlation": 0.9413584851417857,
      "keep": "std_6h",
      "remove": "glucose_variability"
    }
  ],
  "mutual_information": {
    "hour": 0.40274298690477117,
    "day_of_week": 0.09956866146467647,
    "is_weekend": 0.01739719870552614,
    "hour_sin": 0.2692179952921596,
    "hour_cos": 0.20525582444579982,
    "current_glucose": 0.28751057512789835,
    "prev_15min": 0.18283532436567906,
    "prev_30min": 0.18932613905992923,
    "prev_60min": 0.12740819959816196,
    "roc_30min": 0.1360758054372324,
    "roc_60min": 0.19290619475581305,
    "mean_1h": 0.21869221919215587,
    "std_1h": 0.107951878881404,
    "mean_3h": 0.18747868957699598,
    "std_3h": 0.19260444529308973,
    "min_3h": 0.33964691814722237,
    "max_3h": 0.3422178522734214,