{
  "subject_id": "SUB002",
  "total_samples": 4309,
  "total_features": 42,
  "target_correlations": {
    "hour": {
      "correlation": 0.08127412806758667,
      "p_value": 9.174065331317608e-08,
      "significant": "True"
    },
    "day_of_week": {
      "correlation": 0.022235082651609957,
      "p_value": 0.1444732338972606,
      "significant": "False"
    },
    "is_weekend": {
      "correlation": 0.008030466666497846,
      "p_value": 0.5981940959127359,
      "significant": "False"
    },
    "hour_sin": {
      "correlation": 0.04583874905114239,
      "p_value": 0.0026150516285134,
      "significant": "True"
    },
    "hour_cos": {
      "correlation": -0.3580422225738798,
      "p_value": 1.6753868106598378e-130,
      "significant": "True"
    },
    "current_glucose": {
      "correlation": 0.21986934386547335,
      "p_value": 2.5049884223260815e-48,
      "significant": "True"
    },
    "prev_15min": {
      "correlation": 0.1873980230879307,
      "p_value": 2.3687393564800373e-35,
      "significant": "True"
    },
    "prev_30min": {
      "correlation": 0.1506270141259006,
      "p_value": 2.7464659128512375e-23,
      "significant": "True"
    },
    "prev_60min": {
      "correlation": 0.08402160910037006,
      "p_value": 3.3212865994008285e-08,
      "significant": "True"
    },
    "roc_30min": {
      "correlation": 0.0577179605905582,
      "p_value": 0.00015013887344752242,
      "significant": "True"
    },
    "roc_60min": {
      "correlation": 0.10920822535331273,
      "p_value": 6.566037638964366e-13,
      "significant": "True"
    },
    "mean_1h": {
      "correlation": 0.270028429317698,
      "p_value": 6.97831123725648e-73,
      "significant": "True"
    },
    "std_1h": {
      "correlation": 0.05260684508863022,
      "p_value": 0.0005509871580639487,
      "significant": "True"
    },
    "mean_3h": {
      "correlation": 0.19617050016361512,
      "p_value": 1.2236884946972174e-38,
      "significant": "True"
    },
    "std_3h": {
      "correlation": 0.06885473137196706,
      "p_value": 6.0714023863977675e-06,
      "significant": "True"
    },
    "min_3h": {
      "correlation": 0.17841650245594792,
      "p_value": 3.7569091819246124e-32,
      "significant": "True"
    },
    "max_3h": {
      "correlation": 0.10636011276875004,
      "p_value": 2.56638717336591e-12,
      "significant": "True"
    },
    "mean_6h": {
      "correlation": 0.1372059370378318,
      "p_value": 1.4720958718608672e-19,
      "significant": "True"
    },
    "std_6h": {
      "correlation": 0.021279900285619224,
      "p_value": 0.1625252265438342,
      "significant": "False"
    },
    "min_6h": {
      "correlation": 0.12015064309558773,
      "p_value": 2.503746557717206e-15,
      "significant": "True"
    },
    "max_6h": {
      "correlation": 0.05885817366183343,
      "p_value": 0.00011070017159958223,
      "significant": "True"
    },
    "mean_12h": {
      "correlation": -0.032920113679742236,
      "p_value": 0.030700526036810682,
      "significant": "True"
    },
    "std_12h": {
      "correlation": 0.07586176487588477,
      "p_value": 6.179148182802144e-07,
      "significant": "True"
    },
    "min_12h": {
      "correlation": -0.01004692977985452,
      "p_value": 0.5096802586063054,
      "significant": "False"
    },
    "max_12h": {
      "correlation": 0.0005479961852085394,
      "p_value": 0.9713129258027475,
      "significant": "False"
    },
    "mean_24h": {
      "correlation": 0.08920975713103758,
      "p_value": 4.464522721510655e-09,
      "significant": "True"
    },
    "std_24h": {
      "correlation": 0.06175834166809604,
      "p_value": 4.977146464615637e-05,
      "significant": "True"
    },
    "min_24h": {
      "correlation": 0.051840926375006716,
      "p_value": 0.0006633523017533685,
      "significant": "True"
    },
    "max_24h": {
      "correlation": 0.03342791610917878,
      "p_value": 0.028214971292709144,
      "significant": "True"
    },
    "is_hypoglycemic": {
      "correlation": -0.0043552609077980925,
      "p_value": 0.7750231223673499,
      "significant": "False"
    },
    "is_hyperglycemic": {
      "correlation": 0.210256518793367,
      "p_value": 2.9694803545503408e-44,
      "significant": "True"
    },
    "in_target_range": {
      "correlation": -0.21008122327772252,
      "p_value": 3.50861838479281e-44,
      "significant": "True"
    },
    "in_tight_range": {
      "correlation": -0.2570172569805523,
      "p_value": 5.721366950336949e-66,
      "significant": "True"
    },
    "recent_hypo_6h": {
      "correlation": -0.020715287582777218,
      "p_value": 0.17396779962512066,
      "significant": "False"
    },
    "recent_hyper_6h": {
      "correlation": 0.15632616742710906,
      "p_value": 5.589327650373734e-25,
      "significant": "True"
    },
    "deviation_from_daily_mean": {
      "correlation": 0.20630713793102787,
      "p_value": 1.2281780755031212e-42,
      "significant": "True"
    },
    "deviation_from_recent_trend": {
      "correlation": 0.1704356356182735,
      "p_value": 1.9056537054281242e-29,
      "significant": "True"
    },
    "glucose_variability": {
      "correlation": -0.07411662518530088,
      "p_value": 1.1130279775676952e-06,
      "significant": "True"
    },
    "trend_strength": {
      "correlation": 0.14421718100821995,
      "p_value": 1.8369624036411147e-21,
      "significant": "True"
    },
    "hourly_baseline": {
      "correlation": 0.3854553976840417,
      "p_value": 1.168414987910066e-152,
      "significant": "True"
    },
    "deviation_from_pattern": {
      "correlation": 0.0247460507105618,
      "p_value": 0.10433702089829382,
      "significant": "False"
    },
    "pattern_consistency": {
      "correlation": -0.005118016653955748,
      "p_value": 0.7369714949937505,
      "significant": "False"
    }
  },
  "redundant_pairs": [
    {
      "feature1": "current_glucose",
      "feature2": "deviation_from_daily_mean",
      "correlation": 0.9856685298269978,
      "keep": "current_glucose",
      "remove": "deviation_from_daily_mean"
    },
    {
      "feature1": "current_glucose",
      "feature2": "deviation_from_recent_trend",
      "correlation": 0.9138527807500042,
      "keep": "current_glucose",
      "remove": "deviation_from_recent_trend"
    },
    {
      "feature1": "mean_6h",
      "feature2": "recent_hyper_6h",
      "correlation": 0.9647077993534658,
      "keep": "recent_hyper_6h",
      "remove": "mean_6h"
    },
    {
      "feature1": "is_hyperglycemic",
      "feature2": "in_target_range",
      "correlation": 0.9994820816938207,
      "keep": "is_hyperglycemic",
      "remove": "in_target_range"
    },
    {
      "feature1": "deviation_from_daily_mean",
      "feature2": "deviation_from_recent_trend",
      "correlation": 0.9266152100014148,
      "keep": "deviation_from_daily_mean",
      "remove": "deviation_from_recent_trend"
    }
  ],
  "mutual_information": {
    "hour": 0.3214035087758931,
    "day_of_week": 0.0,
    "is_weekend": 0.0,
    "hour_sin": 0.13477898347645345,
    "hour_cos": 0.2056760104142734,
    "current_glucose": 0.07954172776617607,
    "prev_15min": 0.05734494223297215,
    "prev_30min": 0.05672406789244189,
    "prev_60min": 0.02421632497217452,
    "roc_30min": 0.0,
    "roc_60min": 0.021853098473139987,
    "mean_1h": 0.10801717220685525,
    "std_1h": 0.019420696377663305,
    "mean_3h": 0.09221348775984683,
    "std_3h": 0.016879856692850304,
    "min_3h": 0.13714117245057444,
    "max_3h": 0.11252299970358948,
    "mean_6h": 0.0517252540883657,
    "std_6h": 0.02511685231294969,
    "min_6h": 0.07314429161070013,
    "max_6h": 0.10038709146955416,
    "mean_12h": 0.031095582800133137,
    "std_12h": 0.022167619401224137,
    "min_12h": 0.06051787452879065,
    "max_12h": 0.06726790804703775,
    "mean_24h": 0.09691234192363307,
    "std_24h": 0.07242713596311834,
    "min_24h": 0.024365402087403787,