{
  "subject_id": "SUB004",
  "total_samples": 4309,
  "total_features": 42,
  "target_correlations": {
    "hour": {
      "correlation": 0.07294941580696354,
      "p_value": 1.6380268257401133e-06,
      "significant": "True"
    },
    "day_of_week": {
      "correlation": 0.012131610108690603,
      "p_value": 0.42594298784217677,
      "significant": "False"
    },
    "is_weekend": {
      "correlation": -0.008700599756688646,
      "p_value": 0.5680143219738789,
      "significant": "False"
    },
    "hour_sin": {
      "correlation": 0.01064775231375856,
      "p_value": 0.48469756346527554,
      "significant": "False"
    },
    "hour_cos": {
      "correlation": -0.24297094408376038,
      "p_value": 6.141407913753232e-59,
      "significant": "True"
    },
    "current_glucose": {
      "correlation": 0.13525604044526043,
      "p_value": 4.789347876955338e-19,
      "significant": "True"
    },
    "prev_15min": {
      "correlation": 0.11276778229013225,
      "p_value": 1.1367351170931958e-13,
      "significant": "True"
    },
    "prev_30min": {
      "correlation": 0.0948384552265886,
      "p_value": 4.4395090938244466e-10,
      "significant": "True"
    },
    "prev_60min": {
      "correlation": 0.04432446529362964,
      "p_value": 0.0036122553659552717,
      "significant": "True"
    },
    "roc_30min": {
      "correlation": 0.031562303612717314,
      "p_value": 0.0382879700755965,
      "significant": "True"
    },
    "roc_60min": {
      "correlation": 0.06914260361231993,
      "p_value": 5.54996688750464e-06,
      "significant": "True"
    },
    "mean_1h": {
      "correlation": 0.1687896919765196,
      "p_value": 6.635226375753007e-29,
      "significant": "True"
    },
    "std_1h": {
      "correlation": -0.06580948509277595,
      "p_value": 1.5366789408314407e-05,
      "significant": "True"
    },
    "mean_3h": {
      "correlation": 0.07760752330441663,
      "p_value": 3.385705465281396e-07,
      "significant": "True"
    },
    "std_3h": {
      "correlation": -0.035918480395428394,
      "p_value": 0.018379999861361473,
      "significant": "True"
    },
    "min_3h": {
      "correlation": 0.09883367106231881,
      "p_value": 7.937667513412691e-11,
      "significant": "True"
    },
    "max_3h": {
      "correlation": 0.04630692777115117,
      "p_value": 0.002362064547228567,
      "significant": "True"
    },
    "mean_6h": {
      "correlation": 0.034241330166291294,
      "p_value": 0.024594707536447734,
      "significant": "True"
    },
    "std_6h": {
      "correlation": -0.05869630845328248,
      "p_value": 0.00011563206926983724,
      "significant": "True"
    },
    "min_6h": {
      "correlation": 0.07340913300211409,
      "p_value": 1.4077450692082547e-06,
      "significant": "True"
    },
    "max_6h": {
      "correlation": 0.03446831089802742,
      "p_value": 0.023659231530755866,
      "significant": "True"
    },
    "mean_12h": {
      "correlation": -0.03115853105721373,
      "p_value": 0.04083102723010674,
      "significant": "True"
    },
    "std_12h": {
      "correlation": 0.06798367262290197,
      "p_value": 7.950090067324645e-06,
      "significant": "True"
    },
    "min_12h": {
      "correlation": -0.009985626134493185,
      "p_value": 0.5122666678505546,
      "significant": "False"
    },
    "max_12h": {
      "correlation": 0.032599211590024026,
      "p_value": 0.03236632198278653,
      "significant": "True"
    },
    "mean_24h": {
      "correlation": 0.05389495485734135,
      "p_value": 0.00040108161714732507,
      "significant": "True"
    },
    "std_24h": {
      "correlation": 0.02312767875267206,
      "p_value": 0.12903150147259854,
      "significant": "False"
    },
    "min_24h": {
      "correlation": 0.0024777026430721524,
      "p_value": 0.8708358820106119,
      "significant": "False"
    },
    "max_24h": {
      "correlation": 0.025132161181199996,
      "p_value": 0.09903875846754912,
      "significant": "False"
    },
    "is_hypoglycemic": {
      "correlation": -0.04358392342716865,
      "p_value": 0.004216309060092357,
      "significant": "True"
    },
    "is_hyperglycemic": {
      "correlation": 0.16639961092247035,
      "p_value": 3.9706757060744306e-28,
      "significant": "True"
    },
    "in_target_range": {
      "correlation": -0.1622011865799496,
      "p_value": 8.62706416494699e-27,
      "significant": "True"
    },
    "in_tight_range": {
      "correlation": -0.13405713745590267,
      "p_value": 9.808474850969695e-19,
      "significant": "True"
    },
    "recent_hypo_6h": {
      "correlation": -0.05216904990362992,
      "p_value": 0.0006128316237473017,
      "significant": "True"
    },
    "recent_hyper_6h": {
      "correlation": 0.028462321699425454,
      "p_value": 0.06173589515148613,
      "significant": "False"
    },
    "deviation_from_daily_mean": {
      "correlation": 0.12801343786579134,
      "p_value": 3.298716388066272e-17,
      "significant": "True"
    },
    "deviation_from_recent_trend": {
      "correlation": 0.12604697055381578,
      "p_value": 9.995512780251783e-17,
      "significant": "True"
    },
    "glucose_variability": {
      "correlation": -0.04755030104461357,
      "p_value": 0.0017950274171703365,
      "significant": "True"
    },
    "trend_strength": {
      "correlation": 0.10341350137221868,
      "p_value": 1.0129483931195719e-11,
      "significant": "True"
    },
    "hourly_baseline": {
      "correlation": 0.28798012748538654,
      "p_value": 4.523847858561876e-83,
      "significant": "True"
    },
    "deviation_from_pattern": {
      "correlation": 0.0071487827320882895,
      "p_value": 0.6389715684166116,
      "significant": "False"
    },
    "pattern_consistency": {
      "correlation": 0.1024091998165343,
      "p_value": 1.6034338864554363e-11,
      "significant": "True"
    }
  },
  "redundant_pairs": [
    {
      "feature1": "current_glucose",
      "feature2": "deviation_from_daily_mean",
      "correlation": 0.98952018306191,
      "keep": "current_glucose",
      "remove": "deviation_from_daily_mean"
    },
    {
      "feature1": "current_glucose",
      "feature2": "deviation_from_recent_trend",
      "correlation": 0.9477708780602488,
      "keep": "current_glucose",
      "remove": "deviation_from_recent_trend"
    },
    {
      "feature1": "mean_6h",
      "feature2": "recent_hyper_6h",
      "correlation": 0.9646336167164958,
      "keep": "mean_6h",
      "remove": "recent_hyper_6h"
    },
    {
      "feature1": "max_12h",
      "feature2": "max_24h",
      "correlation": 0.9213926248924991,
      "keep": "max_12h",
      "remove": "max_24h"
    },
    {
      "feature1": "is_hyperglycemic",
      "feature2": "in_target_range",
      "correlation": 0.9945746716287552,
      "keep": "is_hyperglycemic",
      "remove": "in_target_range"
    },
    {
      "feature1": "deviation_from_daily_mean",
      "feature2": "deviation_from_recent_trend",
      "correlation": 0.9576628739663242,
      "keep": "deviation_from_daily_mean",
      "remove": "deviation_from_recent_trend"
    }
  ],
  "mutual_information": {
    "hour": 0.18233784287024823,
    "day_of_week": 0.006246854617473652,
    "is_weekend": 0.0,
    "hour_sin": 0.0846716788804005,
    "hour_cos": 0.08866205129756954,
    "current_glucose": 0.04650337356343126,
    "prev_15min": 0.027336164204529112,
    "prev_30min": 0.02591669167715871,
    "prev_60min": 0.011525755362173484,
    "roc_30min": 0.0,
    "roc_60min": 0.02241290924729178,
    "mean_1h": 0.02922514329504189,
    "std_1h": 0.010826937497317779,
    "mean_3h": 0.03213645888789163,
    "std_3h": 0.033664462305827314,
    "min_3h": 0.07389187424268862,
    "max_3h": 0.04970615788637556,
    "mean_6h": 0.023102882346941023,
    "std_6h": 0.0,
    "min_6h": 0.047506197408631046,
    "max_6h": 0.031916330540225246,
    "mean_12h": 0.005868123349466181,
    "std_12h": 0.005773236104947621,