{
  "subject_id": "Subject38",
  "total_samples": 4220,
  "total_features": 41,
  "target_correlations": {
    "hour": {
      "correlation": -0.03102961261070522,
      "p_value": 0.04383981200489695,
      "significant": "True"
    },
    "day_of_week": {
      "correlation": 0.20428200584534478,
      "p_value": 5.415966317501907e-41,
      "significant": "True"
    },
    "is_weekend": {
      "correlation": 0.17198325987554852,
      "p_value": 2.2403192363550313e-29,
      "significant": "True"
    },
    "hour_sin": {
      "correlation": -0.10526393243038087,
      "p_value": 7.124685398173328e-12,
      "significant": "True"
    },
    "hour_cos": {
      "correlation": 0.17604508433915433,
      "p_value": 1.0118257842620796e-30,
      "significant": "True"
    },
    "current_glucose": {
      "correlation": 0.6266390352853637,
      "p_value": 0.0,
      "significant": "True"
    },
    "prev_15min": {
      "correlation": 0.5391579624794367,
      "p_value": 5.8749336e-317,
      "significant": "True"
    },
    "prev_30min": {
      "correlation": 0.46160280904030815,
      "p_value": 8.823214707161287e-222,
      "significant": "True"
    },
    "prev_60min": {
      "correlation": 0.33067691888177614,
      "p_value": 3.192951637387201e-108,
      "significant": "True"
    },
    "roc_30min": {
      "correlation": 0.27721065810540846,
      "p_value": 2.563109490710633e-75,
      "significant": "True"
    },
    "roc_60min": {
      "correlation": 0.34281241551465624,
      "p_value": 1.1085203896688282e-116,
      "significant": "True"
    },
    "mean_1h": {
      "correlation": 0.5080670344444653,
      "p_value": 7.977882490462861e-276,
      "significant": "True"
    },
    "std_1h": {
      "correlation": 0.24519823735836538,
      "p_value": 8.050785383838539e-59,
      "significant": "True"
    },
    "mean_3h": {
      "correlation": 0.3563202203850869,
      "p_value": 1.4911482007965716e-126,
      "significant": "True"
    },
    "std_3h": {
      "correlation": 0.254375097021201,
      "p_value": 2.578579420022481e-63,
      "significant": "True"
    },
    "min_3h": {
      "correlation": 0.24917627111418275,
      "p_value": 9.558094612879251e-61,
      "significant": "True"
    },
    "max_3h": {
      "correlation": 0.4117640719302292,
      "p_value": 2.0264886703237196e-172,
      "significant": "True"
    },
    "mean_6h": {
      "correlation": 0.2624137531893952,
      "p_value": 2.092339500717387e-67,
      "significant": "True"
    },
    "std_6h": {
      "correlation": 0.19661274008021115,
      "p_value": 4.831874196766874e-38,
      "significant": "True"
    },
    "min_6h": {
      "correlation": 0.09130989986261903,
      "p_value": 2.810680340992018e-09,
      "significant": "True"
    },
    "max_6h": {
      "correlation": 0.27179340243900707,
      "p_value": 2.3086266501530287e-72,
      "significant": "True"
    },
    "mean_12h": {
      "correlation": 0.16163602617933415,
      "p_value": 4.2581409635137877e-26,
      "significant": "True"
    },
    "std_12h": {
      "correlation": 0.16956525035688036,
      "p_value": 1.3662239947356958e-28,
      "significant": "True"
    },
    "min_12h": {
      "correlation": 0.009259521267152633,
      "p_value": 0.5476086687354904,
      "significant": "False"
    },
    "max_12h": {
      "correlation": 0.19320401157695755,
      "p_value": 9.052101588952438e-37,
      "significant": "True"
    },
    "mean_24h": {
      "correlation": 0.15846647676548456,
      "p_value": 3.9028649904240808e-25,
      "significant": "True"
    },
    "std_24h": {
      "correlation": 0.13468254885463182,
      "p_value": 1.5408328076812295e-18,
      "significant": "True"
    },
    "min_24h": {
      "correlation": 0.09146144054441142,
      "p_value": 2.6457268895067995e-09,
      "significant": "True"
    },
    "max_24h": {
      "correlation": 0.0637439766922885,
      "p_value": 3.4145780595333413e-05,
      "significant": "True"
    },
    "is_hypoglycemic": {
      "correlation": 0.0139394236342297,
      "p_value": 0.3653054358092567,
      "significant": "False"
    },
    "is_hyperglycemic": {
      "correlation": 0.5318034119765248,
      "p_value": 7.75733469298255e-307,
      "significant": "True"
    },
    "in_target_range": {
      "correlation": -0.5311789420682773,
      "p_value": 5.4648552992738017e-306,
      "significant": "True"
    },
    "in_tight_range": {
      "correlation": -0.46517293802683624,
      "p_value": 1.2107290126048974e-225,
      "significant": "True"
    },
    "recent_hypo_6h": {
      "correlation": -0.0886154207939438,
      "p_value": 8.106246517407416e-09,
      "significant": "True"
    },
    "recent_hyper_6h": {
      "correlation": 0.27843899536576155,
      "p_value": 5.3632293907395444e-76,
      "significant": "True"
    },
    "deviation_from_daily_mean": {
      "correlation": 0.5770818922018733,
      "p_value": 0.0,
      "significant": "True"
    },
    "deviation_from_recent_trend": {
      "correlation": 0.4951553864865825,
      "p_value": 5.853542042059326e-260,
      "significant": "True"
    },
    "glucose_variability": {
      "correlation": 0.11984119362929724,
      "p_value": 5.677000446416787e-15,
      "significant": "True"
    },
    "trend_strength": {
      "correlation": 0.30707935536014097,
      "p_value": 7.646350896193569e-93,
      "significant": "True"
    },
    "hourly_baseline": {
      "correlation": 0.2546937763135071,
      "p_value": 1.7863079630938043e-63,
      "significant": "True"
    },
    "deviation_from_pattern": {
      "correlation": 0.57466817430434,
      "p_value": 0.0,
      "significant": "True"
    }
  },
  "redundant_pairs": [
    {
      "feature1": "current_glucose",
      "feature2": "prev_15min",
      "correlation": 0.9333274314005215,
      "keep": "current_glucose",
      "remove": "prev_15min"
    },
    {
      "feature1": "current_glucose",
      "feature2": "deviation_from_daily_mean",
      "correlation": 0.9202910824157966,
      "keep": "current_glucose",
      "remove": "deviation_from_daily_mean"
    },
    {
      "feature1": "current_glucose",
      "feature2": "deviation_from_pattern",
      "correlation": 0.9366692597928529,
      "keep": "current_glucose",
      "remove": "deviation_from_pattern"
    },
    {
      "feature1": "prev_15min",
      "feature2": "prev_30min",
      "correlation": 0.9332703673869953,
      "keep": "prev_15min",
      "remove": "prev_30min"
    },
    {
      "feature1": "prev_15min",
      "feature2": "mean_1h",
      "correlation": 0.9614544093441024,
      "keep": "prev_15min",
      "remove": "mean_1h"
    },
    {
      "feature1": "prev_30min",
      "feature2": "mean_1h",
      "correlation": 0.9805316588116983,
      "keep": "mean_1h",
      "remove": "prev_30min"
    },
    {
      "feature1": "roc_60min",
      "feature2": "trend_strength",
      "correlation": 0.944180645999162,
      "keep": "roc_60min",
      "remove": "trend_strength"
    },
    {
      "feature1": "mean_6h",
      "feature2": "recent_hyper_6h",
      "correlation": 0.9171684932295887,
      "keep": "recent_hyper_6h",
      "remove": "mean_6h"
    },
    {
      "feature1": "std_6h",
      "feature2": "glucose_variability",
      "correlation": 0.9121525508634545,
      "keep": "std_6h",
      "remove": "glucose_variability"
    },
    {
      "feature1": "is_hyperglycemic",
      "feature2": "in_target_range",
      "correlation": 0.9922778356055946,
      "keep": "is_hyperglycemic",
      "remove": "in_target_range"
    }
  ],
  "mutual_information": {
    "hour": 0.290281396429362,
    "day_of_week": 0.14072414592699056,
    "is_weekend": 0.03848956507258294,
    "hour_sin": 0.14956299483245017,
    "hour_cos": 0.15477574895721258,
    "current_glucose": 0.3365528788589822,
    "prev_15min": 0.26598537102907294,
    "prev_30min": 0.2187731170358802,
    "prev_60min": 0.18650872435427068,
    "roc_30min": 0.11424598265177277,