{
  "subject_id": "Subject4",
  "total_samples": 6969,
  "total_features": 42,
  "target_correlations": {
    "hour": {
      "correlation": 0.28205238624216983,
      "p_value": 1.3128801699960356e-127,
      "significant": "True"
    },
    "day_of_week": {
      "correlation": -0.01704207381777511,
      "p_value": 0.1548725753893,
      "significant": "False"
    },
    "is_weekend": {
      "correlation": 0.02475344045397041,
      "p_value": 0.0387929515804773,
      "significant": "True"
    },
    "hour_sin": {
      "correlation": -0.362218390531714,
      "p_value": 4.409809491544561e-215,
      "significant": "True"
    },
    "hour_cos": {
      "correlation": -0.03644568925914526,
      "p_value": 0.0023425504627878208,
      "significant": "True"
    },
    "current_glucose": {
      "correlation": 0.8062956401863095,
      "p_value": 0.0,
      "significant": "True"
    },
    "prev_15min": {
      "correlation": 0.6728693732709926,
      "p_value": 0.0,
      "significant": "True"
    },
    "prev_30min": {
      "correlation": 0.6768795818679458,
      "p_value": 0.0,
      "significant": "True"
    },
    "prev_60min": {
      "correlation": 0.5534435642595478,
      "p_value": 0.0,
      "significant": "True"
    },
    "roc_30min": {
      "correlation": 0.3422519475338235,
      "p_value": 9.246774695211688e-191,
      "significant": "True"
    },
    "roc_60min": {
      "correlation": 0.4057256642968416,
      "p_value": 1.8498245778245195e-274,
      "significant": "True"
    },
    "mean_1h": {
      "correlation": 0.7295760154084819,
      "p_value": 0.0,
      "significant": "True"
    },
    "std_1h": {
      "correlation": 0.16788011075061132,
      "p_value": 3.1821315534668696e-45,
      "significant": "True"
    },
    "mean_3h": {
      "correlation": 0.5803141958529682,
      "p_value": 0.0,
      "significant": "True"
    },
    "std_3h": {
      "correlation": 0.1605577818715934,
      "p_value": 1.8243585148085027e-41,
      "significant": "True"
    },
    "min_3h": {
      "correlation": 0.5588354182658407,
      "p_value": 0.0,
      "significant": "True"
    },
    "max_3h": {
      "correlation": 0.5724361374751092,
      "p_value": 0.0,
      "significant": "True"
    },
    "mean_6h": {
      "correlation": 0.442996709330189,
      "p_value": 0.0,
      "significant": "True"
    },
    "std_6h": {
      "correlation": 0.18513600986425097,
      "p_value": 8.865715799971448e-55,
      "significant": "True"
    },
    "min_6h": {
      "correlation": 0.4073729457590512,
      "p_value": 6.883392933296052e-277,
      "significant": "True"
    },
    "max_6h": {
      "correlation": 0.47081510412782107,
      "p_value": 0.0,
      "significant": "True"
    },
    "mean_12h": {
      "correlation": 0.30875153144654954,
      "p_value": 8.47115785111063e-154,
      "significant": "True"
    },
    "std_12h": {
      "correlation": 0.2623014189441738,
      "p_value": 5.231581764189201e-110,
      "significant": "True"
    },
    "min_12h": {
      "correlation": 0.21281190947694667,
      "p_value": 3.428483227085601e-72,
      "significant": "True"
    },
    "max_12h": {
      "correlation": 0.3966456671509442,
      "p_value": 2.5921340435583807e-261,
      "significant": "True"
    },
    "mean_24h": {
      "correlation": 0.10841246408787002,
      "p_value": 1.1319195755982885e-19,
      "significant": "True"
    },
    "std_24h": {
      "correlation": 0.17542527662080712,
      "p_value": 2.792589294280041e-49,
      "significant": "True"
    },
    "min_24h": {
      "correlation": 0.08206614396484425,
      "p_value": 6.824999987426822e-12,
      "significant": "True"
    },
    "max_24h": {
      "correlation": 0.20369253253773206,
      "p_value": 3.638312260560012e-66,
      "significant": "True"
    },
    "is_hypoglycemic": {
      "correlation": -0.21299865897101677,
      "p_value": 2.5627633339579167e-72,
      "significant": "True"
    },
    "is_hyperglycemic": {
      "correlation": 0.6330633235638784,
      "p_value": 0.0,
      "significant": "True"
    },
    "in_target_range": {
      "correlation": -0.5197965207841606,
      "p_value": 0.0,
      "significant": "True"
    },
    "in_tight_range": {
      "correlation": -0.5363590551807325,
      "p_value": 0.0,
      "significant": "True"
    },
    "recent_hypo_6h": {
      "correlation": -0.060957368162290665,
      "p_value": 3.532293179934853e-07,
      "significant": "True"
    },
    "recent_hyper_6h": {
      "correlation": 0.4419970307196081,
      "p_value": 0.0,
      "significant": "True"
    },
    "deviation_from_daily_mean": {
      "correlation": 0.7412436953448668,
      "p_value": 0.0,
      "significant": "True"
    },
    "deviation_from_recent_trend": {
      "correlation": 0.5696675370753171,
      "p_value": 0.0,
      "significant": "True"
    },
    "glucose_variability": {
      "correlation": 0.034562643015589666,
      "p_value": 0.003906031582161051,
      "significant": "True"
    },
    "trend_strength": {
      "correlation": 0.34099100484543754,
      "p_value": 2.77445492693074e-189,
      "significant": "True"
    },
    "hourly_baseline": {
      "correlation": 0.404462373621615,
      "p_value": 1.3209514524754567e-272,
      "significant": "True"
    },
    "deviation_from_pattern": {
      "correlation": 0.7001324048805561,
      "p_value": 0.0,
      "significant": "True"
    },
    "pattern_consistency": {
      "correlation": 0.000836653500579659,
      "p_value": 0.944327562688585,
      "significant": "False"
    }
  },
  "redundant_pairs": [
    {
      "feature1": "current_glucose",
      "feature2": "prev_30min",
      "correlation": 0.9288788049128831,
      "keep": "current_glucose",
      "remove": "prev_30min"
    },
    {
      "feature1": "current_glucose",
      "feature2": "mean_1h",
      "correlation": 0.9044726793904257,
      "keep": "current_glucose",
      "remove": "mean_1h"
    },
    {
      "feature1": "current_glucose",
      "feature2": "deviation_from_pattern",
      "correlation": 0.9012215062242264,
      "keep": "current_glucose",
      "remove": "deviation_from_pattern"
    },
    {
      "feature1": "prev_15min",
      "feature2": "mean_1h",
      "correlation": 0.925019678144876,
      "keep": "mean_1h",
      "remove": "prev_15min"
    },
    {
      "feature1": "prev_30min",
      "feature2": "prev_60min",
      "correlation": 0.928959442048152,
      "keep": "prev_30min",
      "remove": "prev_60min"
    },
    {
      "feature1": "prev_30min",
      "feature2": "mean_1h",
      "correlation": 0.9325906663644828,
      "keep": "mean_1h",
      "remove": "prev_30min"
    },
    {
      "feature1": "mean_1h",
      "feature2": "mean_3h",
      "correlation": 0.9096059657306885,
      "keep": "mean_1h",
      "remove": "mean_3h"
    },
    {
      "feature1": "mean_6h",
      "feature2": "recent_hyper_6h",
      "correlation": 0.9204382464185528,
      "keep": "mean_6h",
      "remove": "recent_hyper_6h"
    },
    {
      "feature1": "is_hyperglycemic",
      "feature2": "in_target_range",
      "correlation": 0.9102865457107661,
      "keep": "is_hyperglycemic",
      "remove": "in_target_range"
    }
  ],
  "mutual_information": {
    "hour": 0.3477555546539355,
    "day_of_week": 0.19125733387008914,
    "is_weekend": 0.04256650089947245,
    "hour_sin": 0.2532757123849456,
    "hour_cos": 0.1389468883162306,
    "current_glucose": 0.9606193463398363,
    "prev_15min": 0.5520951732686186,
    "prev_30min": 0.8242179401379852,
    "prev_60min": 0.6387903907529484,
    "roc_30min": 0.4348480834915449,
    "roc_60min": 0.47803115701403875,
    "mean_1h": 0.5332540951421993,
    "std_1h": 0.09432675448452699,
    "mean_3h": 0.32649398186504097,
    "std_3h": 0.19702537901169848,
    "min_3h": 0.7142619527788572,
    "max_3h": 0.6704489582793194,
    "mean_6h": 0.3106286241070313,
    "std_6h": 0.2417568007792985,
    "min_6h": 0.6764941466271752,