{
  "subject_id": "SUB001",
  "total_samples": 4309,
  "total_features": 42,
  "target_correlations": {
    "hour": {
      "correlation": 0.06309865634857897,
      "p_value": 3.399438007455778e-05,
      "significant": "True"
    },
    "day_of_week": {
      "correlation": 0.03001178454240924,
      "p_value": 0.048845829664443195,
      "significant": "True"
    },
    "is_weekend": {
      "correlation": 0.020447935189798497,
      "p_value": 0.17959141011969434,
      "significant": "False"
    },
    "hour_sin": {
      "correlation": 0.10097659445201387,
      "p_value": 3.063902267883561e-11,
      "significant": "True"
    },
    "hour_cos": {
      "correlation": -0.523787474150724,
      "p_value": 2.7362385862181057e-302,
      "significant": "True"
    },
    "current_glucose": {
      "correlation": 0.4198239203750047,
      "p_value": 1.3314723538004152e-183,
      "significant": "True"
    },
    "prev_15min": {
      "correlation": 0.34649797070725036,
      "p_value": 8.37836835335462e-122,
      "significant": "True"
    },
    "prev_30min": {
      "correlation": 0.27611998855984526,
      "p_value": 2.9639876702148576e-76,
      "significant": "True"
    },
    "prev_60min": {
      "correlation": 0.16479240926534403,
      "p_value": 1.3027940986836172e-27,
      "significant": "True"
    },
    "roc_30min": {
      "correlation": 0.14579948110676258,
      "p_value": 6.6230869729549295e-22,
      "significant": "True"
    },
    "roc_60min": {
      "correlation": 0.236388762320405,
      "p_value": 8.529706777869704e-56,
      "significant": "True"
    },
    "mean_1h": {
      "correlation": 0.38358295350947186,
      "p_value": 4.4681477216277264e-151,
      "significant": "True"
    },
    "std_1h": {
      "correlation": 0.08313581107385788,
      "p_value": 4.624867492614679e-08,
      "significant": "True"
    },
    "mean_3h": {
      "correlation": 0.2625204127910368,
      "p_value": 7.600806005732607e-69,
      "significant": "True"
    },
    "std_3h": {
      "correlation": 0.10601154850663082,
      "p_value": 3.0249354977351072e-12,
      "significant": "True"
    },
    "min_3h": {
      "correlation": 0.24303912312960715,
      "p_value": 5.691305492736211e-59,
      "significant": "True"
    },
    "max_3h": {
      "correlation": 0.1984344119024434,
      "p_value": 1.6345294562179037e-39,
      "significant": "True"
    },
    "mean_6h": {
      "correlation": 0.20708890039739344,
      "p_value": 5.914166153954574e-43,
      "significant": "True"
    },
    "std_6h": {
      "correlation": 0.17652727795665804,
      "p_value": 1.6863017736864375e-31,
      "significant": "True"
    },
    "min_6h": {
      "correlation": 0.16561760195863687,
      "p_value": 7.089056659613866e-28,
      "significant": "True"
    },
    "max_6h": {
      "correlation": 0.23774458278582414,
      "p_value": 1.9563717950641123e-56,
      "significant": "True"
    },
    "mean_12h": {
      "correlation": -0.10794887331618985,
      "p_value": 1.2049834726862286e-12,
      "significant": "True"
    },
    "std_12h": {
      "correlation": 0.1957525894335992,
      "p_value": 1.7696507316158944e-38,
      "significant": "True"
    },
    "min_12h": {
      "correlation": -0.09635198391226725,
      "p_value": 2.331515516526282e-10,
      "significant": "True"
    },
    "max_12h": {
      "correlation": 0.09476716982475294,
      "p_value": 4.5751159146433427e-10,
      "significant": "True"
    },
    "mean_24h": {
      "correlation": 0.066846752306987,
      "p_value": 1.1248900882300307e-05,
      "significant": "True"
    },
    "std_24h": {
      "correlation": 0.013647939432893856,
      "p_value": 0.3704273723280444,
      "significant": "False"
    },
    "min_24h": {
      "correlation": 0.04371021513093124,
      "p_value": 0.00410721645569206,
      "significant": "True"
    },
    "max_24h": {
      "correlation": -0.02460849597819594,
      "p_value": 0.106278050690859,
      "significant": "False"
    },
    "is_hypoglycemic": {
      "correlation": -0.08786981553768997,
      "p_value": 7.580061468466056e-09,
      "significant": "True"
    },
    "is_hyperglycemic": {
      "correlation": 0.07125283385200633,
      "p_value": 2.8430827562279527e-06,
      "significant": "True"
    },
    "in_target_range": {
      "correlation": 0.0011005853222978786,
      "p_value": 0.9424230452272166,
      "significant": "False"
    },
    "in_tight_range": {
      "correlation": -0.21270966750969886,
      "p_value": 2.8303506904064957e-45,
      "significant": "True"
    },
    "recent_hypo_6h": {
      "correlation": -0.08628030198072235,
      "p_value": 1.406194395890452e-08,
      "significant": "True"
    },
    "recent_hyper_6h": {
      "correlation": 0.19885041040378643,
      "p_value": 1.1260943879257043e-39,
      "significant": "True"
    },
    "deviation_from_daily_mean": {
      "correlation": 0.4094961616051673,
      "p_value": 6.446444838721743e-174,
      "significant": "True"
    },
    "deviation_from_recent_trend": {
      "correlation": 0.33174027329331457,
      "p_value": 3.314077520260072e-111,
      "significant": "True"
    },
    "glucose_variability": {
      "correlation": 0.08636346804495142,
      "p_value": 1.3618222520780788e-08,
      "significant": "True"
    },
    "trend_strength": {
      "correlation": 0.2768584396649574,
      "p_value": 1.1407827049311395e-76,
      "significant": "True"
    },
    "hourly_baseline": {
      "correlation": 0.542587619433262,
      "p_value": 0.0,
      "significant": "True"
    },
    "deviation_from_pattern": {
      "correlation": 0.0356060649334038,
      "p_value": 0.019420941956636663,
      "significant": "True"
    },
    "pattern_consistency": {
      "correlation": 0.011260491124577192,
      "p_value": 0.45991847743683634,
      "significant": "False"
    }
  },
  "redundant_pairs": [
    {
      "feature1": "hour_sin",
      "feature2": "mean_12h",
      "correlation": 0.9000660097789157,
      "keep": "mean_12h",
      "remove": "hour_sin"
    },
    {
      "feature1": "current_glucose",
      "feature2": "deviation_from_daily_mean",
      "correlation": 0.984623990881995,
      "keep": "current_glucose",
      "remove": "deviation_from_daily_mean"
    },
    {
      "feature1": "std_3h",
      "feature2": "max_3h",
      "correlation": 0.9080210363153057,
      "keep": "max_3h",
      "remove": "std_3h"
    }
  ],
  "mutual_information": {
    "hour": 0.4711490913222023,
    "day_of_week": 0.0,
    "is_weekend": 0.0,
    "hour_sin": 0.20639532916971426,
    "hour_cos": 0.27561925406479126,
    "current_glucose": 0.15682595859837178,
    "prev_15min": 0.12235090315502717,
    "prev_30min": 0.0948349089638656,
    "prev_60min": 0.05949531053083046,
    "roc_30min": 0.007983405977596725,
    "roc_60min": 0.042151292824284425,
    "mean_1h": 0.16093096268175788,
    "std_1h": 0.03566271531080556,
    "mean_3h": 0.1099639028422974,
    "std_3h": 0.015071361935532046,
    "min_3h": 0.1423433541142014,
    "max_3h": 0.1554563986938824,
    "mean_6h": 0.10174072215830243,
    "std_6h": 0.08446426285621378,
    "min_6h": 0.0843438716760998,
    "max_6h": 0.1475677428812352,
    "mean_12h": 0.07688635324276571,
    "std_12h": 0.047054405951348244,
    "min_12h": 0.0767222962813161,
    "max_12h": 0.11436708600239776,
    "mean_24h": 0.09078445056145057,
    "std_24h": 0.06744924961049037,
    "min_24h": 0.027153822363247038,
    "max_24h": 0.023158680916732344,
    "is_hypoglycemic": 0.003141605452227414,
    "is_hyperglycemic": 0.006563007903578888,
    "in_target_range": 0.0022860322806073086,
    "in_tight_range": 0.020871200047874128,
    "recent_hypo_6h": 0.012402374414843598,
    "recent_hyper_6h": 0.05480870322963938,
    "deviation_from_daily_mean": 0.15741185620176879,
    "deviation_from_recent_trend": 0.066250179155662,
    "glucose_variability": 0.04421496131740277,
    "trend_strength": 0.05356449180852341,