{
  "subject_id": "SUB005",
  "total_samples": 4309,
  "total_features": 42,
  "target_correlations": {
    "hour": {
      "correlation": 0.06861490084146789,
      "p_value": 6.541296498118512e-06,
      "significant": "True"
    },
    "day_of_week": {
      "correlation": 0.0033253698111559843,
      "p_value": 0.8272542474900512,
      "significant": "False"
    },
    "is_weekend": {
      "correlation": 0.01991249899914583,
      "p_value": 0.1912582321314362,
      "significant": "False"
    },
    "hour_sin": {
      "correlation": 0.08611722754121745,
      "p_value": 1.4973122425080054e-08,
      "significant": "True"
    },
    "hour_cos": {
      "correlation": -0.5393383065040669,
      "p_value": 1e-323,
      "significant": "True"
    },
    "current_glucose": {
      "correlation": 0.3814476853390838,
      "p_value": 2.7680980283045415e-149,
      "significant": "True"
    },
    "prev_15min": {
      "correlation": 0.32856386677465055,
      "p_value": 5.322271183255886e-109,
      "significant": "True"
    },
    "prev_30min": {
      "correlation": 0.30086030951785225,
      "p_value": 7.407508684948477e-91,
      "significant": "True"
    },
    "prev_60min": {
      "correlation": 0.22034882276889703,
      "p_value": 1.5502746154507805e-48,
      "significant": "True"
    },
    "roc_30min": {
      "correlation": 0.07769035687071887,
      "p_value": 3.28936601170421e-07,
      "significant": "True"
    },
    "roc_60min": {
      "correlation": 0.14476793156662374,
      "p_value": 1.2895913001443976e-21,
      "significant": "True"
    },
    "mean_1h": {
      "correlation": 0.4083128828468469,
      "p_value": 7.894459895014799e-173,
      "significant": "True"
    },
    "std_1h": {
      "correlation": -0.04636689253405759,
      "p_value": 0.0023313329874157067,
      "significant": "True"
    },
    "mean_3h": {
      "correlation": 0.3135118274583118,
      "p_value": 6.676353059747228e-99,
      "significant": "True"
    },
    "std_3h": {
      "correlation": -0.028275890689340746,
      "p_value": 0.0634612411541608,
      "significant": "False"
    },
    "min_3h": {
      "correlation": 0.28338360656231276,
      "p_value": 2.1726716825030084e-80,
      "significant": "True"
    },
    "max_3h": {
      "correlation": 0.24561925018282157,
      "p_value": 3.137826966490398e-60,
      "significant": "True"
    },
    "mean_6h": {
      "correlation": 0.21922006942259015,
      "p_value": 4.7886303221613e-48,
      "significant": "True"
    },
    "std_6h": {
      "correlation": -0.01175452185137058,
      "p_value": 0.4404671775482942,
      "significant": "False"
    },
    "min_6h": {
      "correlation": 0.20339844324052153,
      "p_value": 1.8144028928885248e-41,
      "significant": "True"
    },
    "max_6h": {
      "correlation": 0.14893801939068968,
      "p_value": 8.465242678767237e-23,
      "significant": "True"
    },
    "mean_12h": {
      "correlation": -0.11845457752186343,
      "p_value": 6.145123029875563e-15,
      "significant": "True"
    },
    "std_12h": {
      "correlation": 0.2072162674117778,
      "p_value": 5.248852257653758e-43,
      "significant": "True"
    },
    "min_12h": {
      "correlation": -0.038765549801325,
      "p_value": 0.010930771685731018,
      "significant": "True"
    },
    "max_12h": {
      "correlation": -0.04453309467842646,
      "p_value": 0.003456900340974321,
      "significant": "True"
    },
    "mean_24h": {
      "correlation": 0.030499963769599396,
      "p_value": 0.04528546576283735,
      "significant": "True"
    },
    "std_24h": {
      "correlation": 0.014004385275786407,
      "p_value": 0.3580600851899792,
      "significant": "False"
    },
    "min_24h": {
      "correlation": 0.01940713117636224,
      "p_value": 0.20277254328840483,
      "significant": "False"
    },
    "max_24h": {
      "correlation": -0.015705563336918592,
      "p_value": 0.3026701088906638,
      "significant": "False"
    },
    "is_hypoglycemic": {
      "correlation": -0.19197439930825397,
      "p_value": 4.784270314810687e-37,
      "significant": "True"
    },
    "is_hyperglycemic": {
      "correlation": 0.023153662788197714,
      "p_value": 0.12860197679408014,
      "significant": "False"
    },
    "in_target_range": {
      "correlation": 0.18765766466069045,
      "p_value": 1.9033958764867014e-35,
      "significant": "True"
    },
    "in_tight_range": {
      "correlation": 0.057506919791362375,
      "p_value": 0.00015875693746640168,
      "significant": "True"
    },
    "recent_hypo_6h": {
      "correlation": -0.1068536136867309,
      "p_value": 2.031640709557213e-12,
      "significant": "True"
    },
    "recent_hyper_6h": {
      "correlation": 0.04773404061398445,
      "p_value": 0.0017227526656709924,
      "significant": "True"
    },
    "deviation_from_daily_mean": {
      "correlation": 0.3775180086115518,
      "p_value": 5.073818914853033e-146,
      "significant": "True"
    },
    "deviation_from_recent_trend": {
      "correlation": 0.2827347180886999,
      "p_value": 5.146024807684465e-80,
      "significant": "True"
    },
    "glucose_variability": {
      "correlation": -0.12862478988207082,
      "p_value": 2.3288211405678742e-17,
      "significant": "True"
    },
    "trend_strength": {
      "correlation": 0.1525592836281167,
      "p_value": 7.456769858782927e-24,
      "significant": "True"
    },
    "hourly_baseline": {
      "correlation": 0.5467220084666979,
      "p_value": 0.0,
      "significant": "True"
    },
    "deviation_from_pattern": {
      "correlation": 0.0077041637308012815,
      "p_value": 0.6131480178111302,
      "significant": "False"
    },
    "pattern_consistency": {
      "correlation": 0.11051009584532628,
      "p_value": 3.4797298302740963e-13,
      "significant": "True"
    }
  },
  "redundant_pairs": [
    {
      "feature1": "hour_sin",
      "feature2": "mean_12h",
      "correlation": 0.9308468719366205,
      "keep": "mean_12h",
      "remove": "hour_sin"
    },
    {
      "feature1": "current_glucose",
      "feature2": "deviation_from_daily_mean",
      "correlation": 0.989281396518357,
      "keep": "current_glucose",
      "remove": "deviation_from_daily_mean"
    },
    {
      "feature1": "is_hypoglycemic",
      "feature2": "in_target_range",
      "correlation": 0.9918761220849195,
      "keep": "is_hypoglycemic",
      "remove": "in_target_range"
    }
  ],
  "mutual_information": {
    "hour": 0.34402454987799214,
    "day_of_week": 0.0009751066295851096,
    "is_weekend": 0.0,
    "hour_sin": 0.13384020754466475,
    "hour_cos": 0.24529106594301275,
    "current_glucose": 0.08574468295694526,
    "prev_15min": 0.07818628249443549,
    "prev_30min": 0.04957690196640563,
    "prev_60min": 0.049969891104191255,
    "roc_30min": 0.001741466459273866,
    "roc_60min": 0.012932453068353666,
    "mean_1h": 0.10688203099262328,
    "std_1h": 0.003863993216282502,
    "mean_3h": 0.09020271272184477,
    "std_3h": 0.0037634233589738386,
    "min_3h": 0.11653190632199983,
    "max_3h": 0.12821229776213627,
    "mean_6h": 0.08068480321427884,
    "std_6h": 0.013121430088845365,
    "min_6h": 0.09593864130395247,
    "max_6h": 0.1282994411356082,
    "mean_12h": 0.09202359794229675,
    "std_12h": 0.061176511211693096,
    "min_12h": 0.06995096827541403,
    "max_12h": 0.050457964875100014,
    "mean_24h": 0.03445726600040988,
    "std_24h": 0.03290847306117861,
    "min_24h": 0.014880976899809273,
    "max_24h": 0.03280031159813168,
    "is_hypoglycemic": 0.01751886579891848,
    "is_hyperglycemic": 0.0005554656496785659,
    "in_target_range": 0.016138342834469688,
    "in_tight_range": 0.0,
    "recent_hypo_6h": 0.058427969299506444,
    "recent_hyper_6h": 0.004843223631296745,
    "deviation_from_daily_mean": 0.09890567254331728,
    "deviation_from_recent_trend": 0.05912454044503779,
    "glucose_variability": 0.03998898841035459,