{
  "subject_id": "Subject47",
  "total_samples": 4203,
  "total_features": 41,
  "target_correlations": {
    "hour": {
      "correlation": -0.22025180564010283,
      "p_value": 2.413091664740359e-47,
      "significant": "True"
    },
    "day_of_week": {
      "correlation": 0.07037511439369135,
      "p_value": 4.953137881447004e-06,
      "significant": "True"
    },
    "is_weekend": {
      "correlation": 0.03308613196029932,
      "p_value": 0.031957543178211416,
      "significant": "True"
    },
    "hour_sin": {
      "correlation": 0.09887566023698414,
      "p_value": 1.327367560468507e-10,
      "significant": "True"
    },
    "hour_cos": {
      "correlation": 0.22028128954144588,
      "p_value": 2.3445708952927284e-47,
      "significant": "True"
    },
    "current_glucose": {
      "correlation": 0.5607505099480278,
      "p_value": 0.0,
      "significant": "True"
    },
    "prev_15min": {
      "correlation": 0.44624136713550694,
      "p_value": 7.425773981694733e-205,
      "significant": "True"
    },
    "prev_30min": {
      "correlation": 0.33572628184732417,
      "p_value": 2.971747035953e-111,
      "significant": "True"
    },
    "prev_60min": {
      "correlation": 0.14379796807545422,
      "p_value": 7.360240818503143e-21,
      "significant": "True"
    },
    "roc_30min": {
      "correlation": 0.3521657315583336,
      "p_value": 5.6374136201236006e-123,
      "significant": "True"
    },
    "roc_60min": {
      "correlation": 0.44565937629827673,
      "p_value": 2.8998495566267367e-204,
      "significant": "True"
    },
    "mean_1h": {
      "correlation": 0.38318334164636764,
      "p_value": 4.436324975052634e-147,
      "significant": "True"
    },
    "std_1h": {
      "correlation": 0.17459774787539314,
      "p_value": 4.0119758665710044e-30,
      "significant": "True"
    },
    "mean_3h": {
      "correlation": 0.09383276694374251,
      "p_value": 1.0952581758615756e-09,
      "significant": "True"
    },
    "std_3h": {
      "correlation": 0.11294581052360193,
      "p_value": 2.0781611092407222e-13,
      "significant": "True"
    },
    "min_3h": {
      "correlation": 0.08053423112233671,
      "p_value": 1.7133632316086032e-07,
      "significant": "True"
    },
    "max_3h": {
      "correlation": 0.19610527932504423,
      "p_value": 1.0488484135507612e-37,
      "significant": "True"
    },
    "mean_6h": {
      "correlation": -0.05326381995141957,
      "p_value": 0.0005512165357741167,
      "significant": "True"
    },
    "std_6h": {
      "correlation": 0.17857061657411968,
      "p_value": 1.8731791826344034e-31,
      "significant": "True"
    },
    "min_6h": {
      "correlation": -0.11124075481131139,
      "p_value": 4.755496154179189e-13,
      "significant": "True"
    },
    "max_6h": {
      "correlation": 0.13243049207013757,
      "p_value": 6.638237396626661e-18,
      "significant": "True"
    },
    "mean_12h": {
      "correlation": -0.0789981706982809,
      "p_value": 2.928571386760702e-07,
      "significant": "True"
    },
    "std_12h": {
      "correlation": 0.10405866702342882,
      "p_value": 1.355942831212526e-11,
      "significant": "True"
    },
    "min_12h": {
      "correlation": -0.13095875594067674,
      "p_value": 1.536884285843953e-17,
      "significant": "True"
    },
    "max_12h": {
      "correlation": 0.05146949294869034,
      "p_value": 0.0008437907982348021,
      "significant": "True"
    },
    "mean_24h": {
      "correlation": -0.05740506157046565,
      "p_value": 0.00019642905716423984,
      "significant": "True"
    },
    "std_24h": {
      "correlation": 0.025506010152022432,
      "p_value": 0.09826052103135405,
      "significant": "False"
    },
    "min_24h": {
      "correlation": -0.005594491596599974,
      "p_value": 0.716911993729153,
      "significant": "False"
    },
    "max_24h": {
      "correlation": -0.008614033207849005,
      "p_value": 0.5766417684456937,
      "significant": "False"
    },
    "is_hypoglycemic": {
      "correlation": -0.007505041360658921,
      "p_value": 0.626670780086389,
      "significant": "False"
    },
    "is_hyperglycemic": {
      "correlation": 0.4766708460321726,
      "p_value": 1.9002947983441646e-237,
      "significant": "True"
    },
    "in_target_range": {
      "correlation": -0.4752470232469972,
      "p_value": 7.5623429870356755e-236,
      "significant": "True"
    },
    "in_tight_range": {
      "correlation": -0.42698215502470843,
      "p_value": 7.0421696704358445e-186,
      "significant": "True"
    },
    "recent_hypo_6h": {
      "correlation": 0.008601166285738954,
      "p_value": 0.5772112853997236,
      "significant": "False"
    },
    "recent_hyper_6h": {
      "correlation": 0.008781512651494657,
      "p_value": 0.569253050400687,
      "significant": "False"
    },
    "deviation_from_daily_mean": {
      "correlation": 0.5708519465281189,
      "p_value": 0.0,
      "significant": "True"
    },
    "deviation_from_recent_trend": {
      "correlation": 0.5713903786825305,
      "p_value": 0.0,
      "significant": "True"
    },
    "glucose_variability": {
      "correlation": 0.21263069211645608,
      "p_value": 3.590787312605736e-44,
      "significant": "True"
    },
    "trend_strength": {
      "correlation": 0.4077693068867102,
      "p_value": 3.8624755595824946e-168,
      "significant": "True"
    },
    "hourly_baseline": {
      "correlation": 0.3297767094904512,
      "p_value": 3.4871752100438834e-107,
      "significant": "True"
    },
    "deviation_from_pattern": {
      "correlation": 0.4626830030237834,
      "p_value": 4.6982133623284983e-222,
      "significant": "True"
    }
  },
  "redundant_pairs": [
    {
      "feature1": "current_glucose",
      "feature2": "prev_15min",
      "correlation": 0.9158378524994234,
      "keep": "current_glucose",
      "remove": "prev_15min"
    },
    {
      "feature1": "current_glucose",
      "feature2": "deviation_from_daily_mean",
      "correlation": 0.9707853811514504,
      "keep": "deviation_from_daily_mean",
      "remove": "current_glucose"
    },
    {
      "feature1": "prev_15min",
      "feature2": "prev_30min",
      "correlation": 0.9161238149125125,
      "keep": "prev_15min",
      "remove": "prev_30min"
    },
    {
      "feature1": "prev_15min",
      "feature2": "mean_1h",
      "correlation": 0.9542088098238328,
      "keep": "prev_15min",
      "remove": "mean_1h"
    },
    {
      "feature1": "prev_30min",
      "feature2": "mean_1h",
      "correlation": 0.9747506721823055,
      "keep": "mean_1h",
      "remove": "prev_30min"
    },
    {
      "feature1": "roc_60min",
      "feature2": "trend_strength",
      "correlation": 0.9354198681653619,
      "keep": "roc_60min",
      "remove": "trend_strength"
    },
    {
      "feature1": "std_6h",
      "feature2": "glucose_variability",
      "correlation": 0.9349079272049722,
      "keep": "glucose_variability",
      "remove": "std_6h"
    },
    {
      "feature1": "is_hyperglycemic",
      "feature2": "in_target_range",
      "correlation": 0.9970366774757868,
      "keep": "is_hyperglycemic",
      "remove": "in_target_range"
    }
  ],
  "mutual_information": {
    "hour": 0.28377642866170305,
    "day_of_week": 0.04779071403860824,
    "is_weekend": 0.0,
    "hour_sin": 0.17546653828118686,
    "hour_cos": 0.1601226134171978,
    "current_glucose": 0.29575973716257575,
    "prev_15min": 0.19744818690928767,
    "prev_30min": 0.1529878597081158,
    "prev_60min": 0.13599165078577347,
    "roc_30min": 0.12135669199534238,
    "roc_60min": 0.1766208533361322,
    "mean_1h": 0.2003213054148496,
    "std_1h": 0.09800924958619905,
    "mean_3h": 0.14837930846150194,
    "std_3h": 0.14304073198134137,
    "min_3h": 0.33667404182103855,
    "max_3h": 0.3575926815952464,
    "mean_6h": 0.22841003315480712,
    "std_6h": 0.2050431687894445,
    "min_6h": 0.2997749479358669,
    "max_6h": 0.3441594741121756,