{
  "subject_id": "Subject40",
  "total_samples": 4236,
  "total_features": 42,
  "target_correlations": {
    "hour": {
      "correlation": 0.2177503543272642,
      "p_value": 1.223346533390635e-46,
      "significant": "True"
    },
    "day_of_week": {
      "correlation": 0.08053491799752222,
      "p_value": 1.5329314570596667e-07,
      "significant": "True"
    },
    "is_weekend": {
      "correlation": 0.1045272883484997,
      "p_value": 9.11717360203352e-12,
      "significant": "True"
    },
    "hour_sin": {
      "correlation": -0.25691091059288484,
      "p_value": 7.915690631886762e-65,
      "significant": "True"
    },
    "hour_cos": {
      "correlation": -0.04776774424374582,
      "p_value": 0.0018721389473751362,
      "significant": "True"
    },
    "current_glucose": {
      "correlation": 0.6131217607459915,
      "p_value": 0.0,
      "significant": "True"
    },
    "prev_15min": {
      "correlation": 0.5004478665754911,
      "p_value": 2.2086803468832793e-267,
      "significant": "True"
    },
    "prev_30min": {
      "correlation": 0.4007237839521225,
      "p_value": 3.54695651500293e-163,
      "significant": "True"
    },
    "prev_60min": {
      "correlation": 0.2286968387271358,
      "p_value": 2.1752932527852112e-51,
      "significant": "True"
    },
    "roc_30min": {
      "correlation": 0.386406703097364,
      "p_value": 6.709053170400474e-151,
      "significant": "True"
    },
    "roc_60min": {
      "correlation": 0.4379274676779056,
      "p_value": 4.856499840892257e-198,
      "significant": "True"
    },
    "mean_1h": {
      "correlation": 0.4468320859101134,
      "p_value": 4.692436392012485e-207,
      "significant": "True"
    },
    "std_1h": {
      "correlation": 0.22284604014137194,
      "p_value": 8.093013001628473e-49,
      "significant": "True"
    },
    "mean_3h": {
      "correlation": 0.19917720522354718,
      "p_value": 3.711501682368977e-39,
      "significant": "True"
    },
    "std_3h": {
      "correlation": 0.302777514564208,
      "p_value": 1.5993919125002337e-90,
      "significant": "True"
    },
    "min_3h": {
      "correlation": 0.08734902258353879,
      "p_value": 1.23892884736388e-08,
      "significant": "True"
    },
    "max_3h": {
      "correlation": 0.31596512360168505,
      "p_value": 7.744210487037874e-99,
      "significant": "True"
    },
    "mean_6h": {
      "correlation": -0.006084728086547177,
      "p_value": 0.6921724274556634,
      "significant": "False"
    },
    "std_6h": {
      "correlation": 0.19942230531147492,
      "p_value": 2.988710302120653e-39,
      "significant": "True"
    },
    "min_6h": {
      "correlation": -0.06156946165242626,
      "p_value": 6.0759106182802967e-05,
      "significant": "True"
    },
    "max_6h": {
      "correlation": 0.146284006494541,
      "p_value": 1.0738310660292529e-21,
      "significant": "True"
    },
    "mean_12h": {
      "correlation": -0.01504316513540058,
      "p_value": 0.3276569583525803,
      "significant": "False"
    },
    "std_12h": {
      "correlation": 0.008700865128712692,
      "p_value": 0.5713016264431827,
      "significant": "False"
    },
    "min_12h": {
      "correlation": 0.07576791658016731,
      "p_value": 7.93482313747131e-07,
      "significant": "True"
    },
    "max_12h": {
      "correlation": 0.056373503986258906,
      "p_value": 0.0002417157391841253,
      "significant": "True"
    },
    "mean_24h": {
      "correlation": 0.05552412018190207,
      "p_value": 0.00029978518766854824,
      "significant": "True"
    },
    "std_24h": {
      "correlation": 0.0036989854410834962,
      "p_value": 0.8098057663399582,
      "significant": "False"
    },
    "min_24h": {
      "correlation": 0.11111766926049962,
      "p_value": 4.095158941131266e-13,
      "significant": "True"
    },
    "max_24h": {
      "correlation": 0.04877882958952881,
      "p_value": 0.0014947435588600173,
      "significant": "True"
    },
    "is_hypoglycemic": {
      "correlation": -0.05293563006721812,
      "p_value": 0.0005674951772038056,
      "significant": "True"
    },
    "is_hyperglycemic": {
      "correlation": 0.5243970950144928,
      "p_value": 5.175073850150688e-298,
      "significant": "True"
    },
    "in_target_range": {
      "correlation": -0.5079201551908576,
      "p_value": 1.118728021428327e-276,
      "significant": "True"
    },
    "in_tight_range": {
      "correlation": -0.38771324016460484,
      "p_value": 5.3881467245467235e-152,
      "significant": "True"
    },
    "recent_hypo_6h": {
      "correlation": -0.037501283122509735,
      "p_value": 0.014651005517850865,
      "significant": "True"
    },
    "recent_hyper_6h": {
      "correlation": -0.033879205142851476,
      "p_value": 0.027454420422858408,
      "significant": "True"
    },
    "deviation_from_daily_mean": {
      "correlation": 0.6055351106334241,
      "p_value": 0.0,
      "significant": "True"
    },
    "deviation_from_recent_trend": {
      "correlation": 0.612439551140906,
      "p_value": 0.0,
      "significant": "True"
    },
    "glucose_variability": {
      "correlation": 0.23672335140766643,
      "p_value": 4.912952228817355e-55,
      "significant": "True"
    },
    "trend_strength": {
      "correlation": 0.40391407846683686,
      "p_value": 5.376411661108152e-166,
      "significant": "True"
    },
    "hourly_baseline": {
      "correlation": 0.3008878106735132,
      "p_value": 2.2940027768766713e-89,
      "significant": "True"
    },
    "deviation_from_pattern": {
      "correlation": 0.5382088794278406,
      "p_value": 7.944112e-317,
      "significant": "True"
    },
    "pattern_consistency": {
      "correlation": -0.06517010299791248,
      "p_value": 2.1876069626808095e-05,
      "significant": "True"
    }
  },
  "redundant_pairs": [
    {
      "feature1": "current_glucose",
      "feature2": "prev_15min",
      "correlation": 0.9452010485432453,
      "keep": "current_glucose",
      "remove": "prev_15min"
    },
    {
      "feature1": "current_glucose",
      "feature2": "deviation_from_daily_mean",
      "correlation": 0.9639102670813998,
      "keep": "current_glucose",
      "remove": "deviation_from_daily_mean"
    },
    {
      "feature1": "current_glucose",
      "feature2": "deviation_from_pattern",
      "correlation": 0.9242272154686729,
      "keep": "current_glucose",
      "remove": "deviation_from_pattern"
    },
    {
      "feature1": "prev_15min",
      "feature2": "prev_30min",
      "correlation": 0.9446886213148536,
      "keep": "prev_15min",
      "remove": "prev_30min"
    },
    {
      "feature1": "prev_15min",
      "feature2": "mean_1h",
      "correlation": 0.967295773433766,
      "keep": "prev_15min",
      "remove": "mean_1h"
    },
    {
      "feature1": "prev_30min",
      "feature2": "mean_1h",
      "correlation": 0.9866898120761894,
      "keep": "mean_1h",
      "remove": "prev_30min"
    },
    {
      "feature1": "roc_60min",
      "feature2": "trend_strength",
      "correlation": 0.964616163307481,
      "keep": "roc_60min",
      "remove": "trend_strength"
    },
    {
      "feature1": "mean_6h",
      "feature2": "recent_hyper_6h",
      "correlation": 0.9278202110084992,
      "keep": "recent_hyper_6h",
      "remove": "mean_6h"
    },
    {
      "feature1": "is_hyperglycemic",
      "feature2": "in_target_range",
      "correlation": 0.9686011901723215,
      "keep": "is_hyperglycemic",
      "remove": "in_target_range"
    }
  ],
  "mutual_information": {
    "hour": 0.3211528799453629,
    "day_of_week": 0.07497509197648933,
    "is_weekend": 0.00623692380834151,
    "hour_sin": 0.2006594083897264,
    "hour_cos": 0.13962835231829818,
    "current_glucose": 0.3360964310875838,
    "prev_15min": 0.2772487731579547,
    "prev_30min": 0.2289996644351424,
    "prev_60min": 0.13909224534728537,
    "roc_30min": 0.16408614345459416,
    "roc_60min": 0.20234042914823558,