strategy,rmse,mae,mse,xai_score,feature_importance,prediction_stability,local_stability,faithfulness,monotonicity,execution_time,num_rounds,num_clients
fedavg,0.11583844679713555,0.09108984718720119,,0.4497080712736683,,0.004358676029369235,0.001,0.001,0.5,59.062742471694946,,
fedprox,0.11932377982263083,0.09538652002811432,,0.4441050714617775,,0.00404964224435389,0.001,0.001,0.5,605.6940143108368,,
fedsgd,0.11869215600824672,0.09374396999677022,,0.44945700312430525,,0.004076075546133022,0.001,0.001,0.5,47.2364981174469,,
fedclusterproxxai,0.1776281696519101,0.15616637468338013,,0.45270458015063536,,0.0002974885016252908,0.001,0.001,0.5,6154.827143192291,,
